MovieName,Genre,Rating,Votes,DurationMinutes
Wicked,Romance,7.4,174000,160
Anora,Romance,7.5,211000,139
We Live in Time,Romance,7.0,59000,108
Babygirl,Romance,5.8,65000,114
The Fall Guy,Romance,6.8,229000,126
The Count of Monte-Cristo,Romance,7.6,38000,178
It Ends with Us,Romance,6.3,90000,130
Challengers,Romance,7.0,160000,131
The Idea of You,Romance,6.3,76000,115
Fly Me to the Moon,Romance,6.6,53000,132
Else,Romance,5.6,430,102
My Old Ass,Romance,6.9,42000,89
The Crow,Romance,4.7,37000,111
On Swift Horses,Romance,6.0,2700,119
Queer,Romance,6.4,24000,137
The Greatest Hits,Romance,6.2,7800,94
Love Lies Bleeding,Romance,6.6,59000,104
Mon Potongo,Romance,4.7,760,149
F*** Marry Kill,Romance,5.3,3500,97
All We Imagine as Light,Romance,7.1,11000,118
Bonjour Tristesse,Romance,5.8,581,110
A Family Affair,Romance,5.4,38000,111
A Nice Indian Boy,Romance,7.4,2600,96
Young Hearts,Romance,7.9,6000,99
Emmanuelle,Romance,4.1,2000,107
Culpa Tuya,Romance,5.2,14000,118
Spaceman,Romance,5.7,44000,107
Turtles All the Way Down,Romance,6.6,7700,111
Young Woman and the Sea,Romance,7.5,18000,129
Ask Me What You Want,Romance,3.9,1300,114
Dreams (Sex Love),Romance,7.6,937,110
Jane Austen Wrecked My Life,Romance,6.4,969,98
Love Across Time,Romance,7.1,871,60
Winter Spring Summer or Fall,Romance,6.0,3200,97
Role Play,Romance,5.5,19000,100
Upgraded,Romance,6.1,31000,104
Lonely Planet,Romance,5.7,12000,94
Love Me,Romance,5.1,3100,91
Wild Wild Punjab,Romance,6.2,16000,109
Lisa Frankenstein,Romance,6.1,29000,101
Love Li,Romance,6.4,14000,168
Your Monster,Romance,6.4,6500,103
Went Up the Hill,Romance,6.6,94,100
Girls Will Be Girls,Romance,7.1,2800,118
Dan Da Dan: First Encounter,Romance,8.2,3100,83
Lick,Romance,6.1,1000,75
Daniela Forever,Romance,5.9,384,113
Sidelined: The QB and Me,Romance,5.8,4200,99
Touch,Romance,7.4,6000,121
Before We Forget,Romance,7.5,157,108
Premalu,Romance,7.8,21000,156
Mother of the Bride,Romance,4.8,17000,88
Kahan Shuru Kahan Khatam,Romance,6.1,3300,107
Killer Heat,Romance,5.6,14000,95
The Master and Margarita,Romance,7.2,5100,156
The Tearsmith,Romance,5.2,13000,103
La Cocina,Romance,7.1,3800,139
Die Alone,Romance,5.8,4100,90
Someone Like You,Romance,5.9,2400,118
Find Me Falling,Romance,6.3,13000,93
Grafted,Romance,5.6,2700,96
Beating Hearts,Romance,7.0,6200,166
Love,Romance,7.3,626,119
Loveable,Romance,7.7,2800,101
Lilies Not for Me,Romance,7.0,741,99
Private Tutor,Romance,4.8,243,65
My Favourite Cake,Romance,7.4,8000,97
Our Little Secret,Romance,5.7,24000,101
The Merry Gentlemen,Romance,4.8,10000,87
Super Happy Forever,Romance,6.8,378,94
Irish Wish,Romance,5.2,22000,93
Girl Haunts Boy,Romance,6.3,3400,100
Beautiful Wedding,Romance,4.1,4500,100
Take My Hand,Romance,6.2,365,102
Teri Baaton Mein Aisa Uljha Jiya,Romance,6.2,55000,141
The Astronaut Lovers,Romance,7.1,1000,116
Three Friends,Romance,6.6,897,117
Sunlight,Romance,7.6,43,96
Turn Me On,Romance,5.6,809,99
Uranus 2324,Romance,6.4,5000,130
Hot Frosty,Romance,5.3,15000,92
Sex,Romance,6.6,1500,118
Boot Camp,Romance,5.8,1300,94
Wanted: Girlfriend,Romance,4.2,239,49
The Family Star,Romance,5.4,5700,159
Love in the Big City,Romance,7.4,1800,118
High Tide,Romance,6.4,818,101
Addition,Romance,8.4,34,91
Pedro Páramo,Romance,6.3,3200,130
Through My Window: Looking at You,Romance,5.5,5600,105
Hear Me: Our Summer,Romance,7.5,982,109
Qalb,Romance,6.5,2400,147
Do Aur Do Pyaar,Romance,6.4,12000,140
Players,Romance,5.7,12000,105
Grand Tour,Romance,6.5,2200,129
Eks,Romance,4.5,214,121
From Contract Lover to the Billionaire's Bride,Romance,6.8,566,84
Drawing Closer,Romance,7.6,2800,118
The Glassworker,Romance,7.2,2000,98
Rasavathi,Romance,6.4,597,148
Believe in Christmas,Romance,6.1,871,90
Ajosepo,Romance,8.8,72,134
Vulgar,Romance,5.4,205,103
5lbs of Pressure,Romance,5.2,1800,111
This Is Me... Now,Romance,4.1,7200,65
My Ex's Wedding,Romance,8.8,58,95
Bau: Artist at War,Romance,7.2,65,130
Mor Chhainha Bhuinya 2,Romance,7.2,132,160
This Time Next Year,Romance,5.6,2400,116
You Are the Apple of My Eye,Romance,6.8,3800,101
0000 Kilometre,Romance,2.8,299,110
White Snake: Afloat,Romance,6.9,596,133
Freedom,Romance,5.9,1500,110
The Best Christmas Pageant Ever,Romance,6.8,6300,99
Chosen Family,Romance,4.7,526,88
Amar Singh Chamkila,Romance,7.8,17000,145
The Dead Thing,Romance,4.7,1000,94
Murder Mubarak,Romance,5.8,51000,140
Timestalker,Romance,5.5,3100,89
I Can Never Be Yours,Romance,7.9,183,0
Silent Love,Romance,6.4,444,116
Marmalade,Romance,6.3,3800,99
3391 Kilometres,Romance,4.3,1300,110
Drained,Romance,4.5,333,107
Her Seyin Basi Merkür,Romance,3.4,507,105
Stag,Romance,4.6,477,87
How to Date Billy Walsh,Romance,5.2,4000,98
18×2 Beyond Youthful Days,Romance,7.3,2100,123
Intoxicated by Love,Romance,8.5,14000,118
Swap,Romance,2.9,383,86
Blue Sun Palace,Romance,6.6,237,116
Zenithal,Romance,4.9,123,80
Detective Conan: The Million-Dollar Pentagram,Romance,6.7,1600,111
Gelin Takimi,Romance,3.9,6500,109
Futra Days,Romance,4.2,166,99
Black Tea,Romance,5.2,625,110
Romance on the Ranch,Romance,6.8,428,88
Dandelion,Romance,5.3,423,113
Given 3: To the Sea,Romance,7.5,171,80
Meet Me Next Christmas,Romance,5.7,8700,105
A Vintage Christmas,Romance,6.5,373,0
Five Blind Dates,Romance,5.1,2100,83
Queens of Drama,Romance,6.3,225,114
Blame the Game,Romance,5.4,5400,92
Siddharth Roy,Romance,6.3,2900,148
Varshangalkku Shesham,Romance,6.6,4500,166
"April, Come She Will",Romance,6.2,471,108
Mai,Romance,6.8,1600,131
First Taste,Romance,4.1,324,97
Auron Mein Kahan Dum Tha,Romance,6.4,41000,150
Cinderella's Curse,Romance,3.4,1400,82
The Air He Breathes,Romance,6.5,445,106
Art of Love,Romance,4.6,2500,99
Phir Aayi Hasseen Dillruba,Romance,5.8,7000,132
Here Now,Romance,4.9,491,118
Lesbian Space Princess,Romance,7.1,212,87
My Name Is Loh Kiwan,Romance,6.7,4500,131
A Christmas Castle Proposal: A Royal in Paradise 2,Romance,6.3,353,0
Her Story,Romance,7.6,2000,123
The Southern Chronicles,Romance,8.7,2900,120
Come Closer,Romance,6.9,302,107
Two to One,Romance,6.1,869,116
When in Rome,Romance,6.1,812,98
Chanchal Haseena,Romance,7.4,40,98
Christmas in the Spotlight,Romance,5.7,685,87
Krista,Romance,5.5,61,58
My Future You,Romance,7.4,317,109
Wallbanger,Romance,5.6,752,118
We're All Gonna Die,Romance,5.8,202,110
A '90s Christmas,Romance,6.0,1200,90
A True Gentleman,Romance,4.5,2300,110
Mr. Manhattan,Romance,6.8,479,110
The Everything Pot,Romance,7.5,35,90
Valley of the Shadow of Death,Romance,6.5,89,84
Honey Money Phony,Romance,6.2,225,115
El Hawa Sultan,Romance,6.5,895,136
Enchanting Christmas,Romance,6.3,371,91
Say a Little Prayer,Romance,8.5,48,103
Tendaberry,Romance,6.4,283,115
The Glory of Life,Romance,6.6,472,98
Rajkumar,Romance,7.4,2800,145
The Umesh Chronicles,Romance,8.5,17,124
Seni Memahami Kekasih,Romance,8.0,65,91
Badaa Saat Fi Yawman Ma,Romance,5.8,358,100
Saint Nick of Bethlehem,Romance,8.9,104,93
Santa's Cousin,Romance,7.7,30,0
Could Have Waited for August,Romance,6.2,866,112
City Hunter,Romance,6.3,5800,102
Ashes,Romance,4.3,2700,100
Bad Newz,Romance,4.7,26000,142
Savi,Romance,6.1,35000,126
Young Werther,Romance,5.5,297,101
Romeo,Romance,6.0,1400,150
Ipar Adalah Maut,Romance,7.0,1300,131
Across the Sea,Romance,6.4,104,112
Miracle Mile,Romance,7.3,42,82
Why Do You?,Romance,5.3,482,103
Angithee 3,Romance,8.1,64,99
Música,Romance,6.4,5200,91
Perfect Match,Romance,6.6,369,101
Plan B,Romance,6.0,1400,90
Love Switch,Romance,6.1,287,89
Bachhala Malli,Romance,8.2,4000,140
Ibbani Tabbida Ileyali,Romance,7.4,881,160
Haunted Heart,Romance,4.7,529,128
"Love, Divided",Romance,6.0,4800,98
Ek Anjaan Rishtey Ka Guilt 3,Romance,7.9,71,104
Seven Seas Seven Hills,Romance,8.6,101,90
Guilty Pleasure,Romance,4.7,178,119
"Hello, Love, Again",Romance,6.7,957,122
"Extraction, USA",Romance,7.2,65,0
Sex Love Venice,Romance,4.3,374,102
Still Fabulous,Romance,4.9,884,92
Tillu Square,Romance,6.6,3500,137
Cinderella's Revenge,Romance,3.8,1200,85
Pantaskah Aku Berhijab,Romance,7.9,84,114
The Swedish Torpedo,Romance,6.0,301,120
Another End,Romance,6.4,860,119
Good Bad Things,Romance,5.8,242,96
Undergrads,Romance,5.1,65,66
Darkest Miriam,Romance,5.8,337,87
Miss You,Romance,6.1,3200,128
Love at 39 Degrees,Romance,5.6,1500,115
A Merry Royal Christmas,Romance,5.4,168,88
Mr. Bachchan,Romance,3.6,5300,150
Love Me If You Dare,Romance,4.3,484,128
Langue Étrangère,Romance,6.6,593,101
Honeymoonish,Romance,5.3,1600,100
Love Story,Romance,5.4,444,125
Love Reddy,Romance,8.0,2300,138
Previously Saved Version,Romance,5.5,473,117
The Groomsmen Last Dance,Romance,6.9,385,84
Perfect Endings,Romance,5.6,237,100
Jatt & Juliet 3,Romance,5.4,1900,135
Karma's a Bitch,Romance,4.7,46,89
Trisha on the Rocks,Romance,5.3,3000,172
Aichaku,Romance,7.0,487,118
The Groomsmen: First Look,Romance,6.1,416,82
X & Y,Romance,8.1,17,101
The Holiday Exchange,Romance,5.6,427,90
Kang Mak,Romance,6.4,910,122
Paalum Pazhavum,Romance,4.9,194,147
DeAr,Romance,5.2,1700,132
Gone Running,Romance,7.0,4500,105
"Love, Wine & Salt: A Tuscan Romance",Romance,5.3,70,80
The Private Eye,Romance,3.7,164,115
Raseeli Raatein,Romance,6.7,12,91
Los pequeños amores,Romance,6.3,405,95
Viva La Vida,Romance,7.6,893,130
Umjolo: The Gone Girl,Romance,4.4,290,92
Mascarpone: The Rainbow Cake,Romance,6.1,558,105
Season of Love,Romance,5.0,436,126
Layla,Romance,6.1,480,100
Chijin no ai,Romance,8.0,11,105
Stranded Pearl,Romance,5.3,35,90
"Love, Sitara",Romance,5.3,310,105
Reloaded 2,Romance,7.5,1200,45
Fake Boyfriend,Romance,9.0,18,115
Goyo,Romance,6.6,2300,106
She Taught Love,Romance,5.3,429,102
Passport to Love,Romance,6.2,433,88
My Boo,Romance,6.1,738,125
"LSD 2: Love, Sex Aur Dhokha 2",Romance,3.8,2800,119
Maybe Forever,Romance,5.8,104,71
Elevator,Romance,5.2,190,95
Bigayan,Romance,6.2,46,43
A Circus Tale & a Love Song,Romance,5.9,114,114
Dilan 1983,Romance,6.3,249,116
Now or Never!,Romance,2.2,17000,0
Pure Love,Romance,7.1,205,109
Svemu dodje kraj,Romance,6.4,375,89
Love Lies,Romance,7.0,402,114
Reversi,Romance,7.0,314,135
Chainsaws Were Singing,Romance,7.2,391,117
The Great Gujarati Matrimony,Romance,7.5,97,144
Kaaduvetty,Romance,3.2,149,157
The Best Friend,Romance,6.4,152,96
Meet Me in Rome,Romance,5.2,696,85
El Roomie,Romance,5.8,317,99
Amar Prem Ki Prem Kahani,Romance,4.5,676,117
Roti Kapda Romance,Romance,5.9,2500,153
Marry Christmas,Romance,6.3,67,85
The Groomsmen: Second Chances,Romance,6.1,475,84
Honeko Akabane's Bodyguards,Romance,6.0,51,117
Breakup Season,Romance,6.2,613,102
Happiness Is,Romance,3.8,309,96
Sevmek Yüzünden,Romance,3.5,668,104
No Pressure,Romance,5.1,1100,111
Ancika,Romance,6.8,825,100
Un/Happy for You,Romance,5.7,422,110
A Soldier for Christmas,Romance,8.2,8,91
In Good Hands 2,Romance,5.3,1000,99
Love Unlike in K-Dramas,Romance,6.5,149,118
He Loves Me Not,Romance,6.8,55,97
Holiday for Hire,Romance,5.8,197,84
Love Syndrome: The Beginning,Romance,6.1,68,90
A European Christmas,Romance,4.7,199,90
L'heureuse élue,Romance,5.5,386,91
Christmas Cowboy,Romance,5.6,141,0
Rose Rosy Te Gulab,Romance,5.8,320,135
Teasing Master Takagi-san Movie,Romance,6.6,369,119
Aaram Aravinda Swamy,Romance,9.3,331,132
The Silence of Marcos Tremmer,Romance,5.9,198,112
Pasutri Gaje,Romance,6.0,359,109
The Christmas Brew,Romance,5.4,155,89
Fruitcake,Romance,5.3,170,97
Given the Movie: Hiiragi Mix,Romance,7.6,247,70
Lyubvi ne byvaet?,Romance,5.4,167,105
"Walter, Grace & The Submarine",Romance,9.3,8,100
Royal Runaways,Romance,8.1,61,0
Lost & Found You,Romance,6.1,30,0
Heavens x Candy,Romance,6.1,53,70
Sihinayaki Adare,Romance,6.5,200,150
Switch Up,Romance,8.6,30,105
"Fool Me Once, Revenge on You",Romance,7.2,14,0
Beauty and the Billionaire: Bali,Romance,5.7,241,91
Dying Briefly,Romance,5.9,58,78
Samana Sunrise,Romance,5.0,260,100
Yuva,Romance,5.7,854,153
Pon Ondru Kanden,Romance,5.6,288,120
The Holiday Club,Romance,6.6,400,88
Love... Reconsidered,Romance,4.1,142,88
Forbidden Love,Romance,7.8,31,96
Letters at Christmas,Romance,3.6,183,84
Éden & Charlie,Romance,7.7,16,45
Anyone But Her,Romance,4.9,295,93
Black Owner and Horny College Girls,Romance,3.6,10,65
Letuchiy korabl,Romance,3.4,394,100
O2,Romance,6.6,8100,105
Shark Island,Romance,3.0,138,81
Love Is Never on Time,Romance,8.6,75,110
Murphy,Romance,7.0,2400,136
Kisko Tha Pata,Romance,6.9,21,135
Alterlove,Romance,7.8,15,90
Kupu-Kupu Kertas,Romance,6.5,225,113
Kill Me If You Dare,Romance,4.6,1400,94
Oshana,Romance,5.7,800,149
Amaltash,Romance,8.1,160,113
Azzamine,Romance,7.0,121,104
The Time of Fever,Romance,8.0,757,101
C4 Cinta,Romance,7.4,158,167
The Proud Princess,Romance,6.4,150,84
Sicilian Holiday,Romance,4.9,24,102
Sweet Summer Love,Romance,6.6,76,90
We Are Faheem & Karun,Romance,9.0,80,81
A Toast to Love,Romance,5.7,155,89
Albany Road,Romance,7.8,118,135
Kacher Manush Dure Thuiya,Romance,7.8,1200,144
Lobola Man,Romance,4.5,217,108
Game On,Romance,5.2,2300,140
Liu mang qu mo shi,Romance,5.6,56,104
Heartbreak Motel,Romance,7.0,321,115
Him,Romance,7.4,32,80
Christmas on the Ranch,Romance,6.1,140,86
Joli joli,Romance,5.5,148,116
Paper Flowers,Romance,8.5,37,100
The Lifeguards,Romance,3.7,147,107
Hold Me Close,Romance,4.8,77,98
"María, Me Muero",Romance,5.2,123,93
Prabuthwa Junior Kalashala,Romance,7.0,2100,131
À toute allure,Romance,5.4,239,86
Shrek 5: The Contract - A Fan Made Film,Romance,7.4,22,84
Alaap,Romance,6.5,152,145
One Night in Tokyo,Romance,7.1,93,95
The Heartbreak Agency,Romance,5.3,747,94
A Man's Promise,Romance,7.0,54,0
Lady Outlaw,Romance,6.6,26,104
Ahl Al Kahf,Romance,5.3,297,120
"Aku Jati, Aku Asperger",Romance,7.6,95,88
Last Song for You,Romance,7.0,111,106
PAPmusic - Animation for Fashion,Romance,1.1,198,85
Meeting Ms. Leigh,Romance,8.8,82,117
Love You to Debt,Romance,6.2,778,135
Sureshinteyum Sumalathayudeyum Hridayahariyaya Pranayakatha,Romance,6.0,85,138
Books & Drinks,Romance,5.1,155,94
"It's So Big It Hurts, Black Oppa",Romance,5.6,11,61
Christmas at Plumhill Manor,Romance,6.1,509,87
Moments We Shared,Romance,5.3,134,131
A Heart for Christmas,Romance,7.6,102,91
The Architecture of Love,Romance,6.9,520,110
Don't Say It,Romance,9.1,74,0
Midwinter,Romance,6.5,60,95
Verliefd op Bali,Romance,5.0,338,113
Momma's Boy,Romance,3.8,49,105
Dreaming of You,Romance,8.3,64,95
Christmas in Lagos,Romance,4.7,182,120
A Christmas of Wonders,Romance,4.9,131,86
A Country Music Christmas,Romance,6.6,106,0
3. Gun,Romance,3.8,165,0
Shooting My Life's Script,Romance,6.2,344,95
Umjolo: Day Ones,Romance,4.2,167,86
A Brooklyn Love Story,Romance,5.3,116,107
Maid of Honour,Romance,5.7,340,149
That Kind of Love,Romance,8.0,649,136
Dhruvathaare,Romance,7.0,1200,165
Onegin,Romance,5.3,110,141
I Don't Know,Romance,7.3,1100,98
Young Lion of the West,Romance,6.8,42,93
Remember I am Dead,Romance,7.7,21,40
Premalo,Romance,6.1,224,128
Soft Love,Romance,5.9,2600,114
Perdiendo el Juicio,Romance,6.8,319,90
Jingle Bell Love,Romance,6.2,21,81
Little Hearts,Romance,7.2,78,136
Matters of the Heart,Romance,5.5,190,110
In the Summer Rain,Romance,5.4,17,129
Life is Filled with So Much of You,Romance,5.8,146,99
Morando com o Crush,Romance,5.4,11,90
My Boyfriend Is a Sex Worker,Romance,6.2,255,50
Ma chi ti conosce,Romance,5.5,23,105
What Happened in My Black Boyfriend's Room,Romance,4.8,138,62
Sign Here,Romance,5.6,133,100
The Long Distance Department,Romance,5.1,149,0
The Gifts of Christmas,Romance,8.4,60,0
How to Make Her Leave,Romance,7.8,44,0
Maple Leaf Dreams,Romance,4.9,54,101
Future Date,Romance,6.0,84,82
My Sassy Girl,Romance,6.4,75,117
Royal Façade,Romance,7.2,99,95
The Little Things,Romance,7.0,29,90
A Christmas Dream,Romance,7.3,227,94
Powder Pup,Romance,2.7,270,89
Throuple,Romance,6.0,77,92
The Mediterranean Sea,Romance,5.0,94,108
To Love and to Cherish,Romance,6.6,79,77
Boys on Film 24: Happy Endings,Romance,8.1,57,174
Juni,Romance,8.5,29,138
Pool & Party,Romance,8.1,11,90
You Are Not Alone,Romance,5.7,165,105
My Zombabe,Romance,6.3,55,105
Die Ironie des Lebens,Romance,5.8,52,109
Kuch Sapney Apne,Romance,6.9,12,120
Ben and Suzanne: A Reunion in 4 Parts,Romance,7.8,14,109
Yesterday Is Almost Here,Romance,9.8,5,92
Love Stuck,Romance,6.7,195,116
Christmas Romance at the Roanoke Ranch,Romance,5.8,806,0
Yumi's Cells: The Movie,Romance,5.0,36,93
Amigos Sem Compromisso,Romance,8.8,22,0
Benaam Rishta,Romance,6.0,248,90
"Goodbye, Farewell",Romance,4.7,206,109
Mi Ilustrísimo Amigo,Romance,6.1,226,80
Writing a Love Song,Romance,3.5,212,85
Election,Romance,7.3,62,120
Hong lou meng,Romance,7.2,20,120
Bad Boy in Love,Romance,7.9,37,91
A Bluegrass Christmas,Romance,9.4,8,84
"Aire, Just Breathe",Romance,6.3,537,98
I Am the Secret in Your Heart,Romance,5.7,7,112
Günesi Söndürmem Gerek,Romance,5.7,861,105
Our Church Thinks We're Dating,Romance,8.8,78,102
Your 1/2 of the Rent,Romance,7.8,107,105
Sihina Nelum Mal,Romance,6.0,247,105
Mann Behka,Romance,5.4,57,77
Komandir,Romance,5.5,179,131
Take Good Care,Romance,6.6,49,101
Under Parallel Skies,Romance,6.0,152,110
Poppay Ki Wedding,Romance,6.8,2100,127
Hrashwo Deergha,Romance,5.5,13,150
Lolipop Gang,Romance,8.5,19,90
36-24-36,Romance,7.5,86,118
Double Blended,Romance,5.3,404,87
Joy of Horses,Romance,9.1,33,90
Explosions in My Heart,Romance,4.8,132,105
"Chances Are, You and I",Romance,6.1,153,132
Honeymoon Express,Romance,6.7,45,118
Heart Strings,Romance,7.7,53,107
Ibiza Dark,Romance,4.5,244,95
Once Upon A Love Story,Romance,9.1,114,135
Last Defenders of Monogamy,Romance,8.4,8,84
43 Degrees North,Romance,6.5,93,0
Inheritance to Love,Romance,6.4,12,88
Emakku Thozhil Romance,Romance,6.0,25,111
Visal Adare,Romance,5.7,11,120
Dinda,Romance,7.6,21,94
Neath's Love Story,Romance,6.3,198,106
Noche De Bodas,Romance,6.2,317,90
Ishttaragam,Romance,5.7,76,0
Mafia Temptation,Romance,9.5,8,82
Vidya Vasula Aham,Romance,5.1,9,102
14 Days Love,Romance,9.5,38,112
The Untold Story,Romance,4.9,295,0
On the Market,Romance,5.7,12,95
The Mercedes Story: A Troubled Soul,Romance,7.7,7,128
Kajolrekha,Romance,7.3,32,156
"Till Then, Hanna!",Romance,5.4,113,110
The Gift That Gives,Romance,6.9,19,81
The Choice,Romance,5.6,47,40
Choices,Romance,5.8,92,87
Ram Bharosey,Romance,4.8,243,0
Yo no soy esa,Romance,6.7,19,95
Gili Gili Raat,Romance,2.8,12,93
Hani,Romance,5.6,136,73
Heartsping : Teenieping of Love,Romance,6.0,136,0
Khwaabon Ka Jhamela,Romance,9.0,2100,113
Who Wants to Marry an Astronaut?,Romance,6.5,926,94
Nikdo me nemá rád,Romance,8.2,176,84
Amo-te Imenso,Romance,8.2,61,87
Rokjesnacht,Romance,7.5,725,95
A Man and a Woman,Romance,6.7,95,117
¿Vienes o Voy?,Romance,4.6,64,94
How to Make Love,Romance,6.6,263,65
Skinny Love,Romance,5.4,69,92
Looking for Dr. Love,Romance,4.1,53,85
Usha Parinayam,Romance,8.3,154,144
Traces of Love,Romance,4.2,146,105
I Love You 2,Romance,7.8,41,160
The Day Before Christmas,Romance,6.3,218,0
Ondu Sarala Prema Kathe,Romance,6.6,73,149
Ciao bambino,Romance,6.7,82,100
Oru Kattil Oru Muri,Romance,6.9,30,125
Occupied,Romance,4.8,29,77
Jee Ve Sohneya Jee,Romance,6.4,26,141
The Sweet Life,Romance,5.8,20,101
Three Secrets,Romance,5.4,130,92
Kanni,Romance,6.6,86,122
Apaixonada,Romance,4.0,1700,95
City of Second Chances,Romance,7.4,15,0
Land of Broken Hearts,Romance,5.1,298,100
Daghabaaz Dil,Romance,4.4,288,123
Ienai Himitsu,Romance,7.7,16,115
Gecenin Nakarati,Romance,8.4,33,104
Gingersnap Christmas,Romance,7.5,23,0
Mendung tanpo udan,Romance,7.0,20,101
Video Vision,Romance,6.2,27,78
Morena,Romance,5.8,114,106
Parahuna 2,Romance,6.0,13,115
Petta Rap,Romance,7.6,19,123
On+Ona,Romance,8.7,139,93
Lyubov Sovetskogo Soyuza,Romance,5.2,134,150
A Soweto Love Story,Romance,6.8,571,101
Romance with My Vampire Brother,Romance,4.7,185,0
Hope's Hollywood Christmas,Romance,7.4,6,90
Maru Mann Taru Thayu,Romance,8.3,26,153
Hidden Flora,Romance,5.4,334,93
My Crazy Rich Girlfriend,Romance,5.6,27,0
Assisting Venus,Romance,5.4,35,100
Elle & lui & le reste du monde,Romance,6.9,106,85
La Tercera Edad,Romance,4.3,118,0
Mi Perfecto Ex,Romance,7.3,8,83
A Thousand Faces,Romance,5.7,216,85
8 Views of Lake Biwa,Romance,7.3,62,126
Babli,Romance,9.4,17,134
Yolki 11,Romance,6.7,77,92
Atashi no!,Romance,4.1,48,102
Marriage Mansion,Romance,4.8,23,0
Table for Six 2,Romance,4.0,33,133
Christmas Overtime,Romance,8.2,9,92
Pretty Boys,Romance,7.3,41,67
Welcome to My Side,Romance,7.9,233,102
Zyat,Romance,2.8,40,80
Rabb Da Radio 3,Romance,7.6,45,122
"Dao, Pho Va Piano",Romance,7.6,67,100
Same Spot,Romance,7.5,73,0
Olivia & the Clouds,Romance,8.5,28,81
Written by Mike,Romance,5.2,204,0
Teriyaan Meriyaan Hera Pheriyan,Romance,7.2,184,125
Rain for Christmas,Romance,3.8,18,0
The Dancing Queen,Romance,8.0,7,0
I Brake for Caterpillars,Romance,7.4,31,93
Kinda Married Like,Romance,5.0,98,0
Nado snimat filmy o lyubvi,Romance,6.6,158,73
Buk Poketer Golpo,Romance,9.3,13,95
Yeni Hayat,Romance,5.6,32,132
Uang Panai' 2 Maha(r)l,Romance,6.4,10,106
Booking,Romance,6.3,111,29
The Property,Romance,7.6,23,110
Do I Shock U Like Lightning,Romance,7.7,32,97
Valentine's Town,Romance,5.0,107,84
The Last 12 Days,Romance,7.2,28,124
Deyaler Desh,Romance,8.8,3100,139
Vampire's House of Cain,Romance,5.3,34,0
Peninsula Nights,Romance,7.3,28,0
Addy Daddy,Romance,4.7,27,118
Adam i Eva,Romance,6.8,84,95
Life Hotel,Romance,6.1,222,118
A Ghetto Love Story,Romance,8.7,2700,0
Kagojer Bou,Romance,6.5,151,112
La Casa Azul,Romance,7.1,68,0
Le beau rôle,Romance,7.5,85,84
Boda Love,Romance,8.5,101,107
Einmal richtig,Romance,7.1,137,0
Bar MoskvaChiki,Romance,8.1,10,91
Coven of the Black Cube,Romance,6.0,61,97
Love Mocktail 2,Romance,3.7,17,140
A Mountain Between Us,Romance,8.7,21,89
My Valentine Wedding,Romance,7.1,52,0
40,Romance,7.4,23,103
Hi Anokhi Gaath,Romance,9.1,28,126
Bed & Breakfast,Romance,2.7,11,83
Mercy Killing,Romance,8.6,24,131
Every You Every Me,Romance,6.4,28,108
Konjam Pesinaal Yenna,Romance,5.7,170,112
Touch,Romance,7.9,12,0
SottoCoperta,Romance,7.7,15,96
Funmilayo Ransome-Kuti,Romance,4.7,74,91
Taboo,Romance,8.2,16,0
Young Love,Romance,7.4,69,0
Buzzy Noise,Romance,5.6,65,119
Maaya Ka Moh,Romance,4.3,39,90
Guacamole Yesterdays,Romance,7.9,2100,0
Ye xiao nü sheng,Romance,4.5,64,110
Meen Yasadaq,Romance,5.2,11,0
Hell City,Romance,7.1,44,90
Stalker,Romance,6.6,18,91
Matters of the Heart,Romance,4.7,23,0
Dhaaak,Romance,6.9,137,128
REES,Romance,5.7,62,0
The Love Buzz,Romance,5.9,342,100
Unn Sawali,Romance,7.8,30,0
Bedtime Stories: Tales of Love and Hate,Romance,6.3,19,65
Lyubov so vtorogo vzglyada,Romance,4.6,84,97
We Are Tourists,Romance,5.8,61,97
1970 Love Story,Romance,4.8,40,0
Dukkhito,Romance,5.6,12,29
B4S: Truoc Gio Yeu,Romance,9.0,41,97
You Are Always Right Here,Romance,5.0,350,0
Love at First Lie,Romance,6.9,16,107
Ravikula Raghurama,Romance,7.7,11,111
DreadClub: Vampire's Verdict,Romance,5.7,49,88
A Very Bayou Holiday,Romance,6.4,22,87
This Is Not A Love Song,Romance,5.9,130,72
All's Fair in Love,Romance,8.3,1200,115
Bienvenidos al paraíso,Romance,7.4,24,100
Love Is Love,Romance,5.8,7,120
Garh-Kumau,Romance,7.9,77,0
Greice,Romance,8.1,551,110
The Umbrella Fairy,Romance,8.1,46,95
Listy do M. Pozegnania i powroty,Romance,8.0,7,123
Goreyan Naal Lagdi Zameen Jatt Di,Romance,8.7,8,108
Nie Xiaoqian,Romance,8.2,3100,112
Billionaire Bodyguard,Romance,6.3,53,106
ON i Ona,Romance,7.2,19,90
Podrostki. Pervaya lyubov,Romance,7.6,66,102
L'invenzione di noi due,Romance,7.2,1200,106
Vremya est!,Romance,6.0,317,74
"Step Back, Doors Closing",Romance,7.8,28,98
Dr. Jason II - Lights & Shadows,Romance,4.3,10,62
Freydís and Gudrid,Romance,6.4,22,0
Reeza GTR,Romance,5.0,26,91
The Letter Writer,Romance,7.2,12,0
#OOTD: Outfit of the Designer,Romance,6.1,66,107
Lovers and Friends,Romance,7.9,1600,74
To potami,Romance,6.5,15,93
Bear Week Diaries,Romance,5.3,64,74
Hearts Creek,Romance,7.2,37,90
1980 Lo Radhekrishna,Romance,8.8,161,0
Teddy and the Mountain,Romance,6.9,51,0
Curry Scent,Romance,8.2,18,0
Der Junge dem die Welt gehört,Romance,5.4,17,96
Selon Joy,Romance,7.0,211,86
Dil Kush,Romance,5.0,28,135
Abhi,Romance,6.8,7,135
Aitokunrin,Romance,4.9,9,0
Intlawulo,Romance,8.7,511,88
"Mr. Johnston, Don't Torment Her",Romance,3.7,10,0
Untouchable,Romance,6.2,160,0
My Own Normal,Romance,8.5,46,57
Jaunt,Romance,4.9,76,78
Raju Gari Ammayi Naidu Gari Abbayi,Romance,5.7,1000,158
Unarvugal Thodarkadhai,Romance,3.6,72,111
Haunted Happy Hour,Romance,7.7,8,89
Timing,Romance,5.8,6,138
Chow Chow Bath,Romance,8.7,9,110
Chocolate Kiss 2,Romance,7.8,14,0
Lyod 3,Romance,4.3,30,134
Youth in Trouble,Romance,4.7,18,106
Tuesday,Romance,7.9,907,0
Eksie Perfeksie,Romance,2.7,128,103
More na dvoikh,Romance,4.2,34,82
American Spirit,Romance,6.9,8,108
Fragments of Us,Romance,3.8,565,49
Silent Sparks,Romance,7.5,845,78
A Fragile Flower,Romance,7.9,1100,96
Once Upon a Dream,Romance,3.6,41,0
Undying,Romance,6.2,20,26
"You, Me and Christmas Makes Three",Romance,7.3,33,0
Guxim,Romance,7.8,12,75
Khoka Bhai Tama Pain: A Song Epic,Romance,7.8,16,153
La piel en primavera,Romance,7.3,23,100
Allahr Vres,Romance,9.0,7,135
Tauba Tera Jalwa,Romance,5.7,31,130
Omenavarkaat,Romance,7.8,56,84
The Monkey Men,Romance,8.4,12,106
Zehan,Romance,7.5,6,113
Twenty-Nine,Romance,9.0,494,0
Rent A Boyfriend,Romance,5.3,10,78
Cazadoras de Millonarios,Romance,8.7,15,0
Suchana,Romance,8.1,17,90
The Haunting of Lanquetot,Romance,9.6,61,96
Beat the Beast,Romance,6.8,34,74
Because I Love Bad Weather,Romance,4.4,12,100
Maunam,Romance,7.3,1600,106
Lovers & Foes,Romance,6.5,157,151
A Wall Away,Romance,6.5,87,90
Zorawar Di Jacqueline,Romance,7.0,32,147
Papu mame zaverni,Romance,5.3,52,106
A Place Called Love,Romance,6.0,48,0
"Fallen Leaves, Broken Lighters",Romance,7.2,19,96
La herencia de Flora,Romance,5.5,18,134
If My Lover Were a Flower,Romance,7.5,11,110
Love in Chaos,Romance,5.3,34,130
Surjo,Romance,3.7,98,155
Cedo Demais,Romance,9.4,26,90
Labyrinth,Romance,5.2,49,100
Gharjwai,Romance,6.1,22,134
Setengah Hati,Romance,7.9,176,109
Rush Hour,Romance,7.8,35,132
Faith in the Family,Romance,9.4,52,0
Tochka opory,Romance,4.1,65,101
Lust for My Sister's Killer,Romance,5.1,20,68
The Stars and the Storms,Romance,5.4,9,0
For Regn,Romance,7.9,21,140
The Best Day of Your Life,Romance,8.1,37,61
Pithala Maathi,Romance,6.7,79,140
Love and the Crown,Romance,5.4,144,132
Fire and Ice,Romance,3.0,53,99
The Summer Before Forever,Romance,6.0,32,0
Before Marriage,Romance,6.3,351,112
Dil Dosti Duniyadari,Romance,5.7,21,0
Wrong Side of Love,Romance,9.5,85,0
Pravo na levo,Romance,5.6,57,88
Penguin Girl,Romance,7.2,24,98
La Pura Vida,Romance,6.5,211,89
Chetyre chetverti,Romance,7.1,49,152
Licença para Enlouquecer,Romance,4.8,70,95
Neath's Love Story 2,Romance,5.3,24,88
Adrian,Romance,4.4,30,0
Love Love,Romance,7.0,12,61
10 Pasimatymu,Romance,5.0,38,99
When the Poor Smile,Romance,8.5,15,0
Keluar Main 1994,Romance,6.7,50,112
You're Mine,Romance,7.4,8,0
Puang Bos!,Romance,4.0,29,100
Bambara Wasanthe,Romance,4.8,53,101
I 20,Romance,5.2,32,114
Sugar Daddy Killer,Romance,8.7,17,76
Koi wo Shiranai Bokutachi wa,Romance,8.4,8,111
Bewafa Darling,Romance,5.5,25,56
iKHlaas,Romance,4.7,18,50
Majnoo,Romance,4.2,100,123
Uchi no Ototo domo ga Sumimasen,Romance,6.1,16,105
Apsara,Romance,6.3,12,150
Lucky Heart,Romance,7.5,1300,90
Sangharshana,Romance,7.4,14,102
Forget Me Not,Romance,5.4,45,89
Get Over Yourself,Romance,5.7,1000,109
Love Mouli,Romance,6.0,84,146
Ayo Balikan,Romance,6.3,410,86
Cedric & Alysia,Romance,3.2,29,84
Fujimi Lovers,Romance,6.1,7,103
Romeo Ingkar Janji,Romance,6.2,14,113
Happiness,Romance,8.1,297,118
Roman Peony,Romance,3.4,102,132
Lázaro de noche,Romance,4.1,10,76
Four Singles,Romance,5.8,89,63
Strawberry Chinny,Romance,4.6,13,0
Solemates,Romance,9.4,21,55
Uralochka,Romance,4.7,12,95
Katlaa Curry,Romance,7.9,2000,110
Our Christmas House,Romance,7.5,6,77
When You Love June,Romance,6.6,44,164
"Be My Guest, Be My Baby",Romance,4.1,17,114
He's Not Ready,Romance,8.7,23,110
Swoon,Romance,8.7,132,83
Vaagai,Romance,8.2,28,119
UnCancelled,Romance,6.0,118,0
Colour Palette,Romance,6.4,9,87
Sovsem oshaleli,Romance,5.2,7,93
Girl Talk,Romance,5.6,8,6
Love Inside the Drug Game,Romance,7.8,7,72
The Perfect Him,Romance,4.8,55,90
Mr. Engineer and Miss Doctor,Romance,6.9,2000,40
Artist Unknown,Romance,3.7,39,82
Ramana Avatara,Romance,4.9,14,136
Keshava Chandra Ramavath,Romance,5.2,31,133
Wrooklyn Zoo,Romance,5.4,139,129
Kadin Kafasi,Romance,7.8,2400,93
Amor a fuego lento,Romance,7.3,6,0
Vstretimsya vchera,Romance,6.3,230,79
Amor Platónico,Romance,8.0,8,0
Love & Vodka,Romance,7.4,8,83
Yentha Panichesav Chanti,Romance,6.8,7,135
Mezhdu nami leto,Romance,7.0,246,113
Once Upon a Honeymoon,Romance,4.2,2300,109
Just Pass,Romance,3.9,14,136
Bana Beni Anlat,Romance,6.5,17,0
Vyberi menya,Romance,8.8,14,87
Bolte Chai,Romance,8.9,175,55
Cinta Dari Timor,Romance,8.8,10,82
Bad Boy's Security,Romance,6.7,11,82
Ta de Xiao Li Wo,Romance,5.4,33,116
Real Estate Sisters,Romance,5.3,15,84
Extra,Romance,7.5,37,28
Mezhdu nami,Romance,5.0,79,93
Girl Friends,Romance,4.9,34,104
Forever Loved,Romance,5.7,23,0
Near Miss,Romance,4.8,18,0
Palasher Biye,Romance,9.0,10,99
Gen Z Wife,Romance,6.4,5,150
Sasivadane,Romance,5.5,90,0
Seasoned with Love,Romance,6.5,21,120
Yano-kun no Futsu no Hibi,Romance,9.2,7,106
The One I Love,Romance,9.0,12,138
"Bernadotte, Louise & Napoleon",Romance,5.7,48,74
Forever Yena,Romance,7.4,8,78
The Journey of Flower,Romance,7.9,14,97
Nikoga ne e prosto seks,Romance,9.1,10,0
Ninaivellam Neeyada,Romance,8.4,21,155
Meeting Funmi's Parents,Romance,3.7,7,0
Mortadella,Romance,5.3,17,90
Maoussi,Romance,4.0,25,0
Lupakan Cinta,Romance,8.4,6,85
Love on Air,Romance,4.9,81,72
Wo xiang han ni zai yi qi,Romance,9.6,13,100
*YES I DO*,Romance,3.5,9,0
Greytown Girl,Romance,4.2,32,120
Love in the Time of Corona,Romance,7.0,11,100
Gaiyan,Romance,7.3,6,35
My Cannibal Crush,Romance,2.3,6,50
RadhaaMadhavam,Romance,7.0,10,117
Te Amo,Romance,7.8,7,68
Tokhon Jokhon,Romance,6.3,17,63
Smart Casuals,Romance,9.3,15,96
Kailasa Kasidre,Romance,8.6,31,124
"I Love You, to the Moon, and Back",Romance,9.0,11,105
Lyubov zla,Romance,8.0,8,83
A Song for Juliette,Romance,6.6,6,0
Avassaladoras 2.0,Romance,9.1,11,94
Detention with Daisy,Romance,7.0,6,0
I Can't Sleep Without You,Romance,6.4,8,0
The Unholy Trinity,Action,5.5,1900,95
Twisters,Action,6.5,178000,122
Gladiator II,Action,6.5,260000,148
Kraven the Hunter,Action,5.5,66000,127
Dune: Part Two,Action,8.5,649000,166
Deadpool & Wolverine,Action,7.5,513000,128
The Ministry of Ungentlemanly Warfare,Action,6.8,141000,122
Furiosa: A Mad Max Saga,Action,7.5,294000,148
William Tell,Action,5.7,3600,134
Carry-On,Action,6.5,175000,119
Sonic the Hedgehog 3,Action,6.9,67000,110
The Fall Guy,Action,6.8,229000,126
Civil War,Action,7.0,246000,109
Venom: The Last Dance,Action,6.0,133000,110
The Count of Monte-Cristo,Action,7.6,38000,178
The Beekeeper,Action,6.3,164000,105
Road House,Action,6.2,172000,121
Freaky Tales,Action,6.2,8000,107
40 Acres,Action,7.1,822,113
Fight or Flight,Action,6.4,16000,102
Elevation,Action,5.6,25000,91
Rebel Ridge,Action,6.8,92000,131
Godzilla x Kong: The New Empire,Action,6.0,125000,115
Argylle,Action,5.6,95000,139
Abigail,Action,6.5,101000,109
Transformers One,Action,7.6,56000,104
Madame Web,Action,4.1,104000,116
Borderlands,Action,4.7,51000,101
Land of Bad,Action,6.6,54000,113
The Instigators,Action,6.2,39000,101
The Crow,Action,4.7,37000,111
Bad Boys: Ride or Die,Action,6.5,104000,115
Kingdom of the Planet of the Apes,Action,6.8,156000,145
Relay,Action,7.3,149,112
Maharaja,Action,8.4,72000,141
The Union,Action,5.4,55000,107
Damsel,Action,6.1,112000,110
Red One,Action,6.3,143000,123
Kung Fu Panda 4,Action,6.3,71000,94
The Killer,Action,5.7,14000,126
Survive,Action,4.6,3400,90
Monkey Man,Action,6.8,94000,121
Canary Black,Action,5.4,12000,101
Drive-Away Dolls,Action,5.4,25000,84
The Lord of the Rings: The War of the Rohirrim,Action,6.3,34000,134
Absolution,Action,5.2,9200,112
Homestead,Action,5.2,4300,112
Dirty Angels,Action,4.4,4300,104
Jackpot!,Action,5.8,32000,106
The Silent Hour,Action,6.1,8600,99
Beverly Hills Cop: Axel F,Action,6.4,83000,118
Kalki 2898 AD,Action,7.0,69000,180
Pushpa: The Rule - Part 2,Action,6.1,59000,201
The Killer's Game,Action,5.8,19000,104
Attack on Titan the Movie: The Last Attack,Action,9.1,18000,145
Thelma,Action,7.0,25000,98
Solo Leveling: ReAwakening,Action,8.8,14000,121
Descendants: The Rise of Red,Action,4.7,7400,91
Blitz,Action,6.2,17000,120
Hellboy: The Crooked Man,Action,4.5,15000,99
Arcadian,Action,5.5,25000,92
Brothers,Action,5.4,14000,89
Role Play,Action,5.5,19000,100
Apocalypse Z: The Beginning of the End,Action,6.1,21000,117
Old Guy,Action,5.2,3500,94
Uglies,Action,4.7,34000,100
Atlas,Action,5.6,57000,118
Weekend in Taipei,Action,5.7,5500,100
Rebel Moon - Part Two: The Scargiver,Action,5.3,61000,122
Azrael,Action,5.4,12000,86
Damaged,Action,4.7,7700,97
Lift,Action,5.5,50000,107
Under Paris,Action,5.2,37000,104
Mura,Action,7.2,6500,129
Watchmen: Chapter I,Action,7.1,7100,83
Dan Da Dan: First Encounter,Action,8.2,3100,83
Werewolves,Action,4.4,7700,93
The Prosecutor,Action,6.6,2900,117
Utopia,Action,3.7,468,91
Alien: Rubicon,Action,2.4,532,86
Speed 220,Action,6.4,1300,114
Amaran,Action,8.1,20000,167
Night Call,Action,6.7,2600,97
Life After Fighting,Action,6.4,2200,126
Justice League: Crisis on Infinite Earths - Part One,Action,6.2,8900,93
Justice League: Crisis on Infinite Earths - Part Three,Action,6.0,4900,94
Marco,Action,6.7,23000,145
No Way Up,Action,4.6,11000,90
My Spy: The Eternal City,Action,5.7,11000,112
Cloud,Action,6.3,1700,124
Boneyard,Action,4.1,5300,96
Devara Part 1,Action,6.0,21000,176
Aftermath,Action,5.2,4500,97
Cells at Work!,Action,6.7,1000,109
Captain Miller,Action,7.2,14000,157
Pani,Action,6.9,3400,143
Baby John,Action,5.0,18000,159
Take Cover,Action,5.1,2900,90
Ultraman: Rising,Action,6.9,6800,117
Yodha,Action,5.7,9000,130
Chandu Champion,Action,7.8,35000,142
Fighter,Action,6.2,53000,166
Hitpig,Action,5.2,1100,86
The Hangman,Action,3.3,1100,92
Trigger Warning,Action,4.6,20000,106
11 Rebels,Action,6.3,790,155
River of Blood,Action,5.0,2000,86
Aavesham,Action,7.8,30000,155
Karma,Action,7.9,1500,167
Wynonna Earp: Vengeance,Action,5.5,1700,96
In the Fire of War,Action,6.8,248,115
Twilight of the Warriors: Walled In,Action,6.9,11000,126
Drive Back,Action,4.5,682,94
Demon Slayer: Kimetsu No Yaiba - To the Hashira Training,Action,7.2,8900,104
The Greatest of All Time,Action,5.7,24000,183
Officer Black Belt,Action,6.9,8900,108
Red Right Hand,Action,5.5,6100,111
Watchmen: Chapter II,Action,7.1,3600,90
"I, the Executioner",Action,6.3,2100,118
Megamind vs. The Doom Syndicate,Action,2.5,5800,83
The Shadow Strays,Action,6.5,9800,144
Pins & Needles,Action,6.5,32,95
Justice League: Crisis on Infinite Earths - Part Two,Action,5.5,5700,94
Hotspring Sharkattack,Action,6.1,67,70
Uprising,Action,6.6,6000,126
Cash Out,Action,4.8,3200,92
Paradox Effect,Action,6.0,10000,87
Code 8: Part II,Action,5.7,16000,100
Gunner,Action,3.2,3000,106
I Am What I Am 2,Action,7.5,418,134
Die Hart 2: Die Harter,Action,4.3,5700,92
Chief of Station,Action,4.7,4900,97
The Family Star,Action,5.4,5700,159
Escape from the 21st Century,Action,6.4,1100,98
Singham Again,Action,4.6,75000,144
Bougainvillea,Action,6.4,3400,138
Long Gone Heroes,Action,5.1,1300,101
Hounds of War,Action,4.5,2100,95
Ghost Killer,Action,6.7,116,105
Toofan,Action,7.3,8800,145
Guntur Kaaram,Action,5.4,25000,159
Classified,Action,3.7,2900,105
The Price of Money: A Largo Winch Adventure,Action,5.1,1400,100
Elyas,Action,6.1,1700,105
Sikandar Ka Muqaddar,Action,5.9,25000,142
Air Force One Down,Action,4.4,3000,84
Spiders on a Plane,Action,3.9,473,78
Prey,Action,3.7,3500,86
Badland Hunters,Action,5.9,13000,107
Duchess,Action,4.6,1600,114
Raayan,Action,6.5,12000,145
Levels,Action,5.0,1600,93
Alienoid: The Return to the Future,Action,6.5,2800,122
Dark Match,Action,5.4,1200,94
The Wages of Fear,Action,4.6,4200,104
Kingdom 4: Return of the Great General,Action,7.1,1500,145
The Friendly,Action,9.0,34,101
The Fix,Action,4.7,1600,98
Lights Out,Action,4.9,1900,90
Despatch,Action,4.4,4600,153
Khadaan,Action,7.0,2200,137
Everybody Loves Jenifa,Action,8.4,103,135
Handsome Guys,Action,6.5,991,101
Saripodhaa Sanivaaram,Action,7.0,10000,166
The Roundup: Punishment,Action,6.6,5800,109
Armor,Action,3.6,4600,89
One More Shot,Action,5.4,3900,103
The Thundermans Return,Action,5.0,1900,70
Baby Assassins: Nice Days,Action,7.2,388,103
Bade Miyan Chote Miyan,Action,3.8,40000,163
Bidurbhai,Action,9.2,421,148
Freedom,Action,5.9,1500,110
Trouble,Action,6.2,7200,98
Sixty Minutes,Action,5.7,5300,88
Sasan,Action,8.8,93,155
Thangalaan,Action,6.5,6800,156
The Tiger's Apprentice,Action,5.8,2300,84
Harbin,Action,6.2,1000,108
Hijack 1971,Action,6.8,3500,100
Ayalaan,Action,5.9,4000,155
Dominique,Action,5.3,2400,100
Hagen,Action,6.1,1400,139
Fluxx,Action,5.9,133,100
Bagheera,Action,6.7,7700,158
Terminator: Skynet Rising,Action,6.6,286,88
Get Fast,Action,3.7,506,88
Uch Qahramon,Action,7.3,110,0
Gandhi 3,Action,5.6,250,143
Striking Rescue,Action,5.6,733,111
Exorcism Chronicles: The Beginning,Action,6.4,137,85
Arena Wars,Action,5.5,3300,96
Agni,Action,7.2,15000,122
Death Whisperer 2,Action,6.3,1600,110
Operation: Raqqa,Action,5.6,315,107
Overlord: The Sacred Kingdom,Action,6.9,1500,135
The Wild Blade of Strangers,Action,6.2,121,102
The Last Stand of Ellen Cole,Action,7.0,96,97
Hanu Man,Action,7.7,30000,158
Panda Plan,Action,5.1,1600,99
Zenithal,Action,4.9,123,80
The Twisters,Action,2.6,450,86
Article 370,Action,7.8,25000,158
Revolver,Action,5.4,945,114
The Lockdown,Action,4.3,630,117
The Quiet Ones,Action,6.1,1200,110
A Legend,Action,4.7,1100,129
A.R.M,Action,7.1,9100,150
Vettaiyan,Action,6.9,40000,163
200% Wolf,Action,5.9,1300,98
Seeds,Action,5.0,241,82
Nice Girls,Action,4.2,1200,92
Viduthalai Part 2,Action,7.8,17000,170
Codename: Devil,Action,5.0,339,104
Invasion,Action,4.8,759,91
12 Gaun,Action,6.4,968,147
One Fast Move,Action,5.0,2300,108
Escape,Action,6.4,2300,94
Rifle Club,Action,7.0,4600,113
Auron Mein Kahan Dum Tha,Action,6.4,41000,150
Where Is Gilgamesh?,Action,8.9,639,90
6 Hours Away,Action,3.9,262,93
Citizen of a Kind,Action,6.6,937,114
The Waiter,Action,8.2,30,0
UI,Action,6.8,5800,135
Rats!,Action,6.5,225,85
Garudan,Action,7.1,3500,133
Murder Company,Action,3.6,1600,86
The Last Front,Action,5.5,651,98
Por,Action,5.1,628,154
No Time to Spy: A Loud House Movie,Action,6.3,507,81
Fight Another Day,Action,4.6,388,97
Bull Shark 2,Action,2.7,227,75
Operation Undead,Action,4.7,450,110
The Kingdom,Action,7.0,156,133
Dirty Money,Action,5.7,207,100
Dharmarakshak Mahaveer Chhatrapati Sambhaji Maharaj,Action,8.2,675,174
Troubleshooters,Action,6.4,436,110
War of the Worlds: Extinction,Action,3.0,220,84
Aserb: The Squadron,Action,5.2,339,120
Kanguva,Action,4.5,15000,152
24 Hours to D-Day,Action,3.5,88,83
My Hero Academia: You're Next,Action,7.0,2700,110
Jigra,Action,6.0,24000,153
Customs Frontline,Action,5.5,546,115
Next to Us,Action,4.8,229,125
Kill Em All 2,Action,4.1,1400,88
Shark Warning,Action,3.5,388,94
The Courier,Action,6.0,4600,101
Kamen Rider 555 20th: Paradise Regained,Action,5.8,154,65
Atypical Pirate,Action,8.0,81,0
Kamen Rider Gotchard: The Future Daybreak,Action,5.2,1100,63
Alligator Blood,Action,7.5,2300,0
Average Student Nani,Action,3.8,279,138
The Alexandrian,Action,4.9,682,104
Anaconda,Action,4.4,11,84
The Avenger,Action,4.2,1300,0
The Clean Up Crew,Action,3.6,296,95
Mafia Wars,Action,4.8,659,98
S.T.A.L.K.E.R.: Shadow of the Zone,Action,4.7,3300,71
Darkness of Man,Action,2.4,766,109
Agent Recon,Action,6.0,4500,85
Vedaa,Action,5.3,1600,145
Operation Valentine,Action,6.3,5800,133
City Hunter,Action,7.4,1100,102
Son's Will,Action,5.6,355,148
Uninvited,Action,7.3,5400,93
Razakar: The Silent Genocide of Hyderabad,Action,7.0,1700,166
KA,Action,3.8,17000,151
Indian 2,Action,5.6,4000,0
Ferry 2,Action,4.2,3000,94
Latency,Action,6.1,35000,94
Savi,Action,6.6,1500,126
Vanvaas,Action,7.1,522,160
Kahar: Kapla High Council,Action,7.4,57,102
Divine Hunter,Action,4.4,719,0
Sunray: Fallen Soldier,Action,6.3,6200,115
Blood Star,Action,7.1,3500,97
Max,Action,2.2,36000,132
Martin,Action,6.1,772,147
Bhaje Vaayu Vegam,Action,1.8,747,136
Ryan's World the Movie: Titan Universe Adventure,Action,6.9,3900,80
Yolo,Action,4.7,609,129
Matka,Action,8.2,4000,156
Bachhala Malli,Action,7.1,69,140
Aho Vikramaarka,Action,3.5,1100,136
Peter Five Eight,Action,6.3,2700,100
Golden Kamuy,Action,1.9,212,127
Mummy Shark,Action,2.9,2200,66
Double Ismart,Action,5.7,2000,156
Baki Hanma VS Kengan Ashura,Action,6.4,3000,62
Siren,Action,4.5,1500,154
Lal Salaam,Action,3.9,588,150
Bureau 749,Action,4.9,6500,123
Angels Fallen: Warriors of Peace,Action,6.6,3500,103
Tillu Square,Action,5.9,5000,137
Eagle,Action,4.9,13000,159
Yudhra,Action,5.4,3700,142
Rathnam,Action,6.6,4300,155
How to Rob a Bank,Action,5.0,1300,88
GTMax,Action,5.5,2800,100
Purushothamudu,Action,5.0,198,120
"Love, Courage and the Battle of Bushy Run",Action,5.6,836,113
Je Jatt Vigarh Gya,Action,4.0,342,132
72 Hours,Action,4.8,2600,87
Wanted Man,Action,6.1,2700,85
Mission: Cross,Action,5.9,3900,105
Turbo,Action,5.5,301,155
Don't Mess with Grandma,Action,4.6,2400,81
The Last Kumite,Action,3.6,5300,105
Mr. Bachchan,Action,4.6,605,150
Baby Invasion,Action,4.2,1100,80
Rogue Elements: A Ryan Drake Story,Action,6.5,2800,44
Devaki Nandana Vasudeva,Action,7.9,1800,128
Bohurupi,Action,5.4,188,155
Hunt the Wicked,Action,5.6,105,102
WWII: Operation Phoenix,Action,6.6,1400,106
Sorgavaasal,Action,4.6,271,138
The Ballad of Davy Crockett,Action,3.4,531,96
Operation Blood Hunt,Action,3.3,1300,93
Ruslaan,Action,3.5,577,120
Continental Split,Action,5.2,986,88
Outlaw,Action,4.3,529,82
Hellhound,Action,6.9,1200,103
Sheriff,Action,4.5,419,133
Alien Country,Action,4.2,33,96
Witch Hunter,Action,4.8,7400,80
Bhaiyya Ji,Action,3.6,274,150
All the Lost Ones,Action,8.0,1400,106
Skiptrace,Action,3.2,320,80
Alangu,Action,4.7,2200,131
Snow White and the Seven Samurai,Action,6.4,75,88
Heart of the Hunter,Action,6.0,538,105
The Grey Men,Action,4.7,6500,97
Snatched,Action,4.3,1800,101
Crakk: Jeetega... Toh Jiyegaa,Action,5.0,926,154
Bionic,Action,6.7,37,110
Thundu,Action,4.4,122,125
Fight for Tomorrow,Action,5.3,807,101
Gladiators,Action,5.2,109,95
Kondal,Action,6.3,916,147
Joe Baby,Action,4.1,166,86
Cesium Fallout,Action,3.4,1100,135
Guy Manley: Super Spy,Action,5.1,219,92
Barroz: Guardian of Treasures,Action,3.7,695,155
DNA,Action,6.6,989,156
Roadkill,Action,6.8,727,90
Mobile Suit Gundam SEED Freedom,Action,5.4,1200,124
Shoutai,Action,5.8,596,120
Non Negotiable,Action,6.2,4600,87
High Forces,Action,6.6,1000,119
Bloody Beggar,Action,5.3,35,134
Anchakkallakokkan,Action,5.2,220,126
Stranded Pearl,Action,6.4,959,90
The Traveller,Action,7.5,1200,134
Sucha Soorma,Action,6.6,557,136
Reloaded 2,Action,6.4,3300,45
Conquer: Lahad Datu,Action,4.8,2300,120
Bastar: The Naxal Story,Action,6.6,3100,124
Chhota Bheem and the Curse of Damyaan,Action,5.9,469,145
Harom Hara,Action,7.5,59,154
Deaner '89,Action,4.8,413,90
The Lost Tiger,Action,4.0,93,90
The Plot,Action,3.6,303,100
Murder at Hollow Creek,Action,5.7,367,0
12 to Midnight,Action,6.8,66,96
School of Magical Animals 3,Action,6.5,3000,105
Second Life,Action,5.7,269,105
Lorry Chapter-1,Action,5.7,278,183
Gatao: Like Father Like Son,Action,5.4,213,131
Six jours,Action,3.6,262,95
They Call Her Death,Action,7.2,3300,92
Rendel: Cycle of Revenge,Action,7.0,1800,99
Zebra,Action,6.6,760,164
Mathu Vadalara 2,Action,4.9,601,139
Crisis Negotiators,Action,3.6,42,120
The Last Ronin,Action,6.6,565,115
The Wolf,Action,5.5,20,87
Eye for an Eye 2,Action,6.9,216,90
Neo-Dome,Action,5.2,319,15
Stuntman,Action,4.5,2400,114
Hitler,Action,5.7,976,128
I Heart Robots,Action,4.5,1200,76
Bheema,Action,9.4,19,148
Naa Saami Ranga,Action,5.6,583,150
First Nights at Freddy's,Action,4.4,274,98
Pimpinero: Blood and Oil,Action,8.0,2800,121
Cassino in Ischia,Action,6.7,59,113
Pottel,Action,7.4,408,148
The Dragon's Tomb,Action,4.5,247,77
Mahadev Ka Gorakhpur,Action,6.6,1800,131
Prepare to Die,Action,5.3,971,93
Sons of Rizk 3,Action,8.2,1700,125
Devil's Knight,Action,2.0,369,90
Fighting the Fire,Action,5.7,264,115
Road Wars: Max Fury,Action,6.5,439,83
The Firefighters,Action,6.0,51,106
Rode College,Action,4.2,221,168
Honeko Akabane's Bodyguards,Action,6.0,4200,117
What Happens in Miami,Action,3.1,741,90
Malaikottai Vaaliban,Action,6.2,143,156
Bad Boyz,Action,4.2,656,150
Blade of Fury,Action,3.0,334,90
Viswam,Action,5.7,340,155
Taken from Rio Bravo,Action,6.2,796,80
Clone Cops,Action,5.8,704,96
The Charisma Killers,Action,3.2,183,101
Bangkok Breaking: Heaven and Hell,Action,7.3,245,146
Ghosts of Red Ridge,Action,5.6,5100,81
Athhoi,Action,7.1,904,158
Malayalee from India,Action,6.2,596,160
Warning 2,Action,2.9,600,125
Big City Greens the Movie: Spacecation,Action,8.5,989,83
The Omicron Killer,Action,5.5,5900,98
Ugravatara,Action,8.2,256,122
Weapon,Action,8.3,26,120
Inanimate Insanity II: The Movie,Action,5.9,85,106
American Warrior,Action,5.9,117,89
Zero,Action,5.0,1700,88
The Waves of Madness,Action,5.6,565,68
Saindhav,Action,5.7,292,138
Hunting with Tigers,Action,5.1,1200,109
Go for Broke,Action,4.8,248,115
Bhimaa,Action,5.3,348,141
Bangkok Dog,Action,4.9,624,85
Vixen,Action,6.7,1600,87
Rajakili,Action,2.5,382,122
Ajay Gadu,Action,2.8,153,108
Kill Craft,Action,5.2,425,99
Ape X Mecha Ape: New World Order,Action,3.3,953,87
Kali,Action,5.6,370,96
Agents,Action,6.9,83,82
Drive,Action,4.5,430,90
Paradise,Action,4.9,301,83
Mazhai Pidikatha Manithan,Action,7.2,14,133
(Pri)sons,Action,5.7,854,100
"Fool Me Once, Revenge on You",Action,5.2,202,0
Yuva,Action,3.5,177,153
Pusaka,Action,8.0,143,90
Big Rage,Action,4.1,56,115
Black Heat,Action,8.3,689,93
Gone with the Dead,Action,7.2,111,96
Sikaar,Action,4.6,349,150
Mongol,Action,5.8,240,155
Midas,Action,3.3,394,85
Marni: The Story of Wewe Gombel,Action,5.1,22,119
Kung Fu Games,Action,6.4,40,98
Mahserin Üç Delisi,Action,5.3,807,78
Uttarakaanda,Action,4.9,921,0
Spirit Riser,Action,8.1,583,98
Dange,Action,4.4,31,154
Gangs of Godavari,Action,3.0,138,165
Reapers,Action,6.1,327,0
The Last of Us: Immunity,Action,4.1,104,64
Shark Island,Action,5.5,318,81
Fyre Rises,Action,6.0,156,110
The Bouncer,Action,4.7,1400,78
Hit List,Action,5.9,1700,125
Desperado,Action,4.7,239,100
Formed Police Unit,Action,8.1,191,120
Mission: Chapter 1,Action,6.3,3500,144
Appudo Ippudo Eppudo,Action,2.2,167,120
Appu,Action,7.7,143,92
Mechanic Rocky,Action,3.6,380,156
Ballistic,Action,3.3,96,95
Samandar,Action,6.8,2000,172
Lady Scorpions,Action,8.2,24,101
Camp Blood: Clown Shark,Action,6.0,5300,70
The Heist,Action,5.2,142,120
Purushothamudu,Action,5.5,95,120
Bandaa Singh Chaudhary,Action,5.4,1300,113
Lisabi: The Uprising,Action,6.1,97,107
Kuang Bao Ju Xi,Action,3.8,360,75
Sector 17,Action,5.5,145,146
Day Labor,Action,5.4,755,0
Buddy,Action,3.4,737,137
How to Make a Werewolf,Action,4.8,271,0
Return to the Ring,Action,3.9,20,106
The Actor,Action,6.0,1300,128
Chaari 111,Action,4.7,17,130
Andromeda: 1883,Action,5.2,2300,75
Echo 8,Action,2.5,477,95
El Duro,Action,4.8,86,90
Game On,Action,6.0,70,140
Anunnakiler,Action,2.8,312,76
The Mick and the Trick,Action,6.1,1900,96
Rock 'N' Roll Ringo,Action,4.0,953,101
Ship of the Damned,Action,4.6,40,88
Major Grom: The Game,Action,5.7,11,168
Virunnu,Action,6.5,27,125
Crypto Storm,Action,6.4,86,101
My Redneck Neighbor: Chapter 2 - Let the Games Begin,Action,3.8,122,55
Death Game,Action,6.7,39,88
My Fathers' Daughter,Action,4.9,115,78
Thiragabadara Saami,Action,3.7,20,115
The Bodyguard,Action,5.1,118,87
Team of Two,Action,5.7,78,0
Saint Young Men: Holy Men vs Demon Army,Action,7.2,46,93
Case Files,Action,6.2,778,0
The Burden of Nine Lives,Action,4.9,76,116
The Desperate Chase,Action,3.9,333,110
Bonnie,Action,6.1,1600,120
Love You to Debt,Action,6.0,299,135
Itutumba ka ng tatay ko,Action,5.6,74,109
Art of Eight Limbs,Action,8.8,12,101
Rob N Roll,Action,9.1,47,98
The Moon Thieves,Action,5.9,15,108
Die Chaosschwestern und Pinguin Paul,Action,6.5,5400,100
ZombieCON Vol. 1,Action,4.5,385,0
Ronny - The ruler,Action,6.8,244,0
Surge of Power: Where There's Smoke,Action,7.1,43,68
Sabari,Action,3.9,115,129
RSVP,Action,6.6,59,0
Mirza: Part 1 - Joker,Action,4.4,265,165
Nintama Rantaro Dokutake Ninja-tai Saikyou no Gunshi,Action,7.1,189,90
Kadakan,Action,6.3,19,128
Mani nude,Action,7.1,113,84
Sayen: The Huntress,Action,2.5,163,88
Babu,Action,5.4,434,142
Delivery Run,Action,4.9,110,0
Kizumonogatari: Koyomi Vamp,Action,6.9,681,144
Texas Twister,Action,4.4,192,88
Taklee Genesis x Worlds Collide,Action,5.3,110,146
Sous écrous,Action,6.9,279,111
UmroAyyar - A New Beginning,Action,7.3,1100,135
The Miranda Brothers,Action,8.5,242,99
Young Lion of the West,Action,2.5,49,93
Alpha.,Action,8.6,94,100
Premalo,Action,8.0,81,128
Dark Fusion,Action,6.6,60,90
Sunfall,Action,5.9,71,74
Dragon Ball Z Kai,Action,7.2,37,82
The Day Everything Changed,Action,4.4,17,97
Crosspoint,Action,6.5,506,100
The Epidemic,Action,6.7,25,95
The Unbreakable Bunch,Action,3.9,304,85
Transformers Prime: Galavatron's Revenge,Action,5.5,108,104
Buying Time,Action,6.5,31,84
Operation Hope,Action,4.8,788,0
Tòkunbò,Action,5.6,38,113
Mutant,Action,2.0,194,90
Sumaho o otoshita dake na no ni: Saishusho Final Hacking Game,Action,4.5,187,116
The Infallibles,Action,4.2,66,99
South Side Hero,Action,7.3,22,92
Gold Raiders,Action,6.9,207,88
Tales Beyond the Galaxy,Action,2.7,178,76
Super Vixens 8,Action,7.5,40,70
Jacob Tyler,Action,5.8,84,133
Death Bitch,Action,5.8,466,88
Correr para Vivir,Action,6.1,56,97
In Tenebras: Into the Darkness,Action,6.4,48,90
Ten Toes Down,Action,5.2,26,0
Nothing Even Matters,Action,5.9,82,90
Breaking and Re-entering,Action,5.8,806,109
Nu Huo 12 Xiao Shi,Action,6.2,1000,86
The Slave and the Sorcerer,Action,6.2,11,86
Nanoshark,Action,6.5,84,0
Hakkenden,Action,9.7,130,149
Election,Action,5.8,5,120
Sentinelese,Action,3.9,43,90
Kaalapatthar,Action,6.3,537,113
Played,Action,8.6,31,96
Ruthless,Action,6.8,14,147
Lie Zhan,Action,4.3,401,93
Brotherhood of Blades Kill Evil,Action,4.0,38,84
Playground,Action,7.8,107,88
Kiyma: Orman Kanunlari,Action,3.0,30,81
Komandir,Action,5.1,11,131
Mister Gates,Action,2.6,122,0
Touchdown,Action,7.7,2400,78
Checkmate,Action,5.6,145,104
Deadzone,Action,8.5,6,80
Hrashwo Deergha,Action,5.3,807,150
Bolero,Action,6.2,308,0
Falsos Amigos,Action,6.9,834,113
Lolipop Gang,Action,3.4,70,90
Framed,Action,6.2,18,0
Jithender Reddy,Action,8.7,170,136
Red vs. Blue: Restoration,Action,7.7,32,85
Las Hermanas Del Cartel,Action,9.8,14,91
E-mail,Action,5.0,991,119
The Experts,Action,6.1,11,121
Oru Anveshanathinte Thudakkam,Action,6.5,1000,181
The Captives,Action,5.7,92,73
Tariq,Action,6.5,74,122
Villain - Life of a Gangster,Action,4.7,14,141
Emanet,Action,2.7,61,97
Azotes de Barrio 2,Action,3.9,55,0
Sentimentaaal,Action,3.6,66,135
The Authority,Action,6.0,36,0
Game of Death: The Six Doors to Hell,Action,7.1,38,145
Dreams,Action,8.5,16,106
The Evil Three,Action,4.0,69,30
Memes & Nightmares,Action,4.4,235,81
Black Storm,Action,5.5,54,97
Brotherhood of Blades 3: The Embroidered Sword,Action,5.5,1100,0
Mega Twister,Action,4.5,107,75
Killer Ex,Action,5.7,115,94
Iron Fighter,Action,5.8,166,80
Gravediggers,Action,2.7,74,91
Tokusou Sentai Dekaranger 20th: Fireball Booster,Action,5.6,333,50
Special Needs Revolt!,Action,6.8,395,113
Roxana,Action,6.8,30,98
Bonus Trip,Action,7.8,1100,113
Serra das Almas,Action,4.7,283,120
Saala,Action,5.7,181,130
Cholo Zombies,Action,9.1,788,96
Permafrost,Action,6.5,28,80
Peter Brook's the Mahabharata (8K),Action,5.9,65,173
Smoke,Action,4.4,94,120
Jorge da Capadócia,Action,5.4,4100,119
The Escapee 3: The Final Escape,Action,6.6,41,83
Shri Swapankumarer Badami Hyenar Kobole,Action,9.0,2100,146
Pariah Volume 1: Every Street Dog Has a Name,Action,3.8,216,138
Heavens: The Boy and His Robot,Action,8.7,54,98
Jathara,Action,3.2,91,129
Genis Aile 4: Cevahir & Ulvi,Action,8.0,32,90
Captain Avispa,Action,5.7,47,96
The Correct Way of Youth,Action,7.5,26,100
Breaking Tradition,Action,5.0,33,87
Top Floor,Action,5.3,324,74
The Circuit 4: Faith Fighter,Action,5.4,61,90
100 Crores,Action,6.8,1100,0
Shu Si Yi Bo,Action,7.8,15,91
Usha Parinayam,Action,2.3,189,144
Soodhu Kavvum 2: Naatum Naatu Makkalum,Action,6.3,20,129
Bhairadevi,Action,3.5,56,134
Andromeda 2,Action,8.7,16,0
Saint Michael of the City,Action,3.7,43,0
From Within,Action,4.0,1700,0
Get Close 2,Action,9.3,74,0
Achilles Curse and the Curse of Treasure,Action,7.2,18,125
Nine-Ring Golden Dagger,Action,6.8,60,94
Gam Gam Ganesha,Action,7.5,14,140
Super Vixens 7,Action,6.1,36,67
Bloody Escape: Bats out of Hell,Action,6.6,10,100
Raanti,Action,5.7,603,115
Surrender,Action,3.8,273,149
Chasing Raine,Action,7.9,40,101
Ameena,Action,4.9,20,107
The Vampire and the Vigilante,Action,4.5,590,75
The SML YTP Movie 2: Dimension Trouble,Action,8.2,37,94
The Last Chainsaw Massacre,Action,6.9,64,75
Petta Rap,Action,9.2,50,123
Supplier Shankara,Action,8.1,14,163
Lost Island,Action,4.3,24,0
Dünya Mali: Eksi Bir,Action,5.2,2900,133
Ranger,Action,7.9,10,0
Duffle Bag Boy,Action,4.7,484,0
Shadows of Betrayal: Chronicles of Ian Blair,Action,6.6,13,65
SCP: The Infinite Mission,Action,6.7,71,0
Zeke,Action,5.5,296,50
Neon Fear,Action,8.0,55,40
Star Abyss,Action,8.9,158,86
Trucker,Action,4.2,12,0
The Worlds Divide,Action,5.5,43,120
Oversteer,Action,6.4,39,86
Joshua: Imai Pol Kaka,Action,7.7,17,130
Panjab Files,Action,8.1,19,117
Mutant,Action,7.7,76,89
Bloodline,Action,5.5,1500,80
The Winter Prophecy,Action,5.9,88,52
Jurassic Exorcist,Action,8.6,27,76
Haraa,Action,4.6,235,136
Sathur,Action,6.6,149,0
Warrior Awang and Master Tok Gajah,Action,9.5,50,118
Common Creed: Trafficking,Action,4.3,142,106
Yao Shen Ling,Action,3.7,13,93
September Babies,Action,7.7,36,94
Hide and Seek,Action,4.4,50,130
Sith Wars: Episódio III - Fantasmas Dos Sith,Action,7.8,15,99
The Martial Avenger,Action,4.0,15,0
Charlotte Link - Ohne Schuld,Action,5.2,20,89
Wonderful Precure! The Movie! Doki Doki Game no Sekai de Daiboken,Action,6.3,18,71
Joachim and the Apocalypse,Action,6.1,780,90
Captured,Action,8.9,2000,0
Hotel Underground,Action,8.3,9,0
Raktaksha,Action,6.8,13,118
Ame no naka no yokujô,Action,7.4,99,132
No such thing as loyalty 4,Action,3.2,66,0
Thankamani,Action,6.2,370,156
Je Suis Auto,Action,5.8,63,0
Hope & Glory,Action,8.7,2700,44
Marine Drive,Action,6.8,11,105
The Last Vendetta,Action,7.3,9,0
Waspzilla,Action,8.1,10,80
Day Off,Action,2.2,70,0
The Puffins & the Magic Portal,Action,5.6,20,0
Karma,Action,6.6,41,111
"Bullets, Brothers and Blood",Action,9.1,28,85
We the People,Action,8.6,24,0
Bulletproof Jesus,Action,5.4,45,0
The Undeserving,Action,6.7,14,0
Kade,Action,3.3,154,92
Mr. Natwarlal,Action,6.1,37,130
Bélico,Action,7.3,52,95
Gally Gang Stars,Action,7.9,12,157
Slide or Die the Movie,Action,6.6,18,127
"Arlempdes, la légende du premier château de la Loire",Action,4.6,12,0
Ultraman Blazar the Movie: Tokyo Kaiju Showdown,Action,8.9,28,75
Rebel,Action,6.9,62,100
The Prey,Action,7.9,20,79
Krishnamma,Action,3.5,37,138
Telekinesis,Action,8.7,9,106
Mercy Killing,Action,8.7,298,131
The Guardian,Action,6.7,632,0
Gumbo 2,Action,1.8,48,0
Spotlight International Film Festival: Best of the Festival - Volume 1,Action,5.0,350,0
No More Awesome Action Movies,Action,5.6,17,80
Young Love,Action,5.7,9,0
Endemoniados,Action,6.3,65,103
Yakuza Girl,Action,6.9,16,82
Bond of Justice: Kizuna Part II - Judgement,Action,5.1,11,88
Bond of Justice: Kizuna Part I - Encounter,Action,9.4,131,92
Love You as the World Ends Final,Action,6.2,15,115
Hell City,Action,8.3,1200,90
Dhaaak,Action,5.0,57,128
Abudeka Is Back,Action,7.6,181,120
The Bottom Line,Action,8.3,3100,107
Six Guns for Hire,Action,2.2,169,0
Iravinil Aatam Par,Action,3.0,23,118
Mirg,Action,7.5,1100,83
Fuuto PI: Portrait of Kamen Rider Skull,Action,7.3,58,82
Spider-Man: Final Swing,Action,6.2,14,153
Max Beyond,Action,5.4,776,93
London Gangsters,Action,8.2,231,104
The Deal,Action,7.3,34,130
The Shadow of a King,Action,8.2,3100,87
Di Renjie: Duo Ming Yao Seng,Action,7.6,1100,80
Hocus Focus,Action,4.9,114,85
Super Vixens 6,Action,5.7,35,73
Meteor: Day One,Action,4.1,19,0
Wilhelm Gustloff,Action,7.5,11,110
Diamonds and Pearls,Action,6.1,13,0
Submerged,Action,2.9,51,100
Iddaru,Action,3.2,26,148
Agastya - Chapter 1,Action,9.5,55,168
Revenge,Action,7.8,28,127
Dr. Jason II - Lights & Shadows,Action,7.9,14,62
Pushpaka Vimanam,Action,6.8,11,137
Tumbal Darah,Action,8.1,16,92
Naag Bhoomi,Action,8.0,10,130
Under the Hood,Action,6.4,8,63
Cândido,Action,4.5,71,99
Reeza GTR,Action,8.1,18,91
The Road to OVC Champions,Action,4.5,71,62
La Chakalosa,Action,5.0,11,96
Dhil Raja,Action,7.2,37,106
Macho Man 3,Action,6.7,61,0
1980 Lo Radhekrishna,Action,6.8,21,0
"Silex and the City, le film",Action,9.2,78,77
Rang De Basanti,Action,7.9,1300,174
El Otro Joaquín,Action,8.9,2100,0
Sarangadhariya,Action,9.0,17,150
Türkler Çildirmis Olmali 2: Mavi Vatan,Action,7.1,15,100
Boiling Point,Action,6.7,1500,0
Usire Usire,Action,7.5,845,151
Re Xue Ran Shao,Action,7.8,25,113
Day of the Diesels,Action,2.7,104,100
Bato: Road to Death,Action,7.9,81,137
Halloween: Mal Eterno,Action,9.0,34,50
The Wolfman,Action,8.5,2000,0
RedSin: Martyrs of Dissent,Action,7.0,1600,49
The Brokenhearted,Action,3.6,54,0
Dun huang ying xiong,Action,8.3,19,0
Raju Gari Ammayi Naidu Gari Abbayi,Action,4.3,30,158
Indrani: Epic-1 Dharam vs Karam,Action,6.6,39,157
Zoloto Umalty,Action,5.2,17,109
Timuchin,Action,7.5,6,78
Tiger's Trigger,Action,6.3,40,84
Spearphishing 4,Action,6.1,13,0
Be Forever Yamato: Rebel 3199: Part 1: Dark Invasion,Action,6.9,59,50
Firework,Action,5.9,622,60
Hain,Action,8.4,22,95
Inexternal,Action,5.6,18,83
The Final List,Action,5.2,23,107
Karma,Action,6.5,2800,0
Clownface 3,Action,6.5,19,104
Dirt,Action,6.8,51,0
Youth in Trouble,Action,8.9,27,106
The Yoshi Movie,Action,7.5,16,105
Magnet,Action,5.5,12,161
Rogue Cops: Pushed to the Limit,Action,6.8,51,0
The Storm,Action,3.1,95,98
Janna Endoro,Action,2.7,17,120
Ryding Durty,Action,6.7,3800,0
Zero Sum Game,Action,7.2,15,0
Identity,Action,9.0,12,84
Give Me Babies,Action,2.8,154,23
Slasher House 3,Action,7.9,21,0
Gull Lake Vice II: The Delusion Continues,Action,5.0,8,58
Brattt,Action,6.4,14,117
Fights Break Sphere 3,Action,6.1,56,81
Guxim,Action,7.8,5,75
Bolice,Action,4.9,9,102
Sounds Like A Great Project!,Action,9.5,85,75
The Last Aztec Warrior,Action,8.5,2000,0
Own Kind,Action,6.7,52,0
The Mystery of Humanoid Puppet,Action,7.2,2000,88
Jigar,Action,6.8,130,122
King of UP,Action,7.7,57,0
Champions of the Golden Valley,Action,8.6,14,81
Beat the Beast,Action,4.2,66,74
Dheera,Action,8.6,12,123
The Queens Ball,Action,7.1,19,76
Nenu Keerthana,Action,5.5,18,155
L.A. Minute,Action,8.0,14,0
Rocky the Slave,Action,4.8,55,131
The Lost Colony,Action,7.2,9,0
Double Cross,Action,5.0,8,66
Rocky and Bullwinkle,Action,7.8,10,100
El Junior Del Patron,Action,4.0,29,92
Kaveri,Action,4.4,14,101
Pithala Maathi,Action,9.5,21,140
Operation Star,Action,9.7,10,102
Vi possiamo salvare,Action,5.1,11,89
Kamen Rider Geats: Jyamato Awaking,Action,2.7,17,54
Losing Lerato 2,Action,5.4,8,96
Die Geval van Gideon,Action,4.3,6,51
Seetha Kalyana Vaibhogame,Action,5.5,21,146
Anthima Theerpu,Action,7.6,54,133
Mother Mafia,Action,8.6,12,80
Widowmaker,Action,4.1,75,90
Useful Idiots,Action,4.8,85,92
Polar,Action,6.3,10,76
Fast Furious,Action,5.2,50,0
Retribution for Cory,Action,6.9,61,0
Los Hijos De Camelia y Emilio,Action,5.2,58,82
Even the Score,Action,5.7,22,0
Bambara Wasanthe,Action,8.7,902,101
Duelo De Capos,Action,5.8,12,83
Mobile Suit Gundam: Silver Phantom,Action,4.0,6,90
Little Black Submarines,Action,8.9,50,123
Charming Men: Part 2 - Camilla,Action,7.2,53,57
The Romano Story,Action,6.3,22,106
The Assignment,Action,5.0,12,65
Shekko,Action,6.7,6,120
Tatkshan,Action,9.3,11,0
The Drunken Prodigy,Action,7.1,10,107
Untitled,Action,8.0,17,0
Skhvatka,Action,8.6,2100,107
Nasha Jurm Aur Gangsters,Action,6.7,12,137
Done,Action,7.7,240,110
The Mortician,Action,8.4,1100,0
The DeMarco Crew,Action,6.0,27,0
Black Money,Action,8.5,15,155
Drunken Swordsman,Action,8.7,8,91
Joy Hanu Man,Action,4.1,17,143
Caught in A Trapp,Action,8.5,33,90
Pungut,Action,7.1,55,100
Rackades,Action,8.7,132,0
Dangerous Boys 2,Action,8.9,569,115
La Ley de mi Raza,Action,4.9,19,83
Seven Heroes Beat the Monster,Action,8.9,10,89
Then Came the Bottle Girls,Action,8.4,10,79
The Escapee 2: The Woman in Black,Action,6.3,54,0
Revólver,Action,6.8,54,90
Break War,Action,6.5,276,86
Dirty Fellow,Action,6.4,10,119
AK47,Action,6.9,9,146
The Standoff,Action,6.7,39,0
Isabella: Diary of A Foster Girl,Action,7.8,2400,110
We Came to Wreck Everything,Action,8.4,8,0
Love Inside the Drug Game,Action,9.7,21,72
Shockwaves 2,Action,9.3,6,79
Artist Unknown,Action,7.0,27,82
The Domino File,Action,8.9,91,102
Behind Enemy Lines,Action,8.4,10,0
7 Melek,Action,6.3,230,0
Dragon Gate Inn,Action,8.8,13,90
Exipsosi,Action,7.2,54,0
In the Woods,Action,6.5,7,83
Krapiva: Tsvetok smerti,Action,1.9,9,81
Ryding Durty 2,Action,6.3,2300,90
Sha Hai zhi Men,Action,6.0,31,0
Happy Dragons,Action,3.6,19,97
Yentha Panichesav Chanti,Action,6.2,54,135
Big Brother,Action,7.9,14,115
Deserved It,Action,7.8,1800,0
Action of Intelligenagency,Action,2.3,42,85
Roudhra Rupaya,Action,4.5,51,132
Kreem,Action,8.8,10,115
Rebirth Island,Action,6.6,17,103
Adam Bol,Action,7.0,8,90
Crack: Back in Da Hood,Action,3.0,14,0
Dreamcoin,Action,3.5,12,0
No Man Standing,Action,7.7,53,93
Di Renjie: Tongtian xuan an,Action,8.3,7,85
Death Game,Action,7.4,7,87
Mean Streets,Action,5.1,36,0
Vorovka,Action,6.9,60,90
Zen Fist,Action,4.9,11,45
Red Horse,Action,8.2,10,0
2000s: Bad Fellas,Action,6.4,10,0
"Bernadotte, Louise & Napoleon",Action,6.2,10,74
Escape the City,Action,8.9,17,240
Travesty,Action,5.1,60,78
The Journey of Flower,Action,4.9,20,97
Batman: The Darkest Knight,Action,7.1,54,72
Sacrum Vindictae II,Action,6.5,12,114
Inherited,Action,7.3,10,76
The End of Hen,Action,6.7,9,75
Herencia Llena De Sangre,Action,5.5,17,93
Blow Out,Action,2.5,7,0
Too Little Too Late,Action,8.7,7,66
Feng Zi Lao Ba,Action,5.7,28,85
Hiranya,Action,6.0,520,138
Samurai Detective Onihei: True Master,Action,8.1,22,0
Woodland,Action,9.4,10,0
The Pursuit on the Cold River,Action,5.4,15,0
The Dakota War: Chase,Action,6.2,54,0
Hitting Licks,Action,2.6,25,80
The Butcher's Soul,Action,7.8,2000,87
Twisted America,Action,7.6,53,49
The Very Last Christmas,Action,1.5,9,75
Last Straw,Action,9.6,7,104
Dead Hand,Action,4.2,29,92
Inkabi,Action,7.8,13,101
Mavr,Action,8.2,5,83
The Dark Face,Action,6.7,6,0
Holy Punch,Action,7.4,15,98
The Captive,Action,7.9,8,74
A Reel Heist,Action,9.4,6,116
Zhi Bao,Action,5.8,7,100
Fast Atlanta,Action,7.0,50,96
Hattichhap,Action,4.3,34,0
Spider-Man: Blue,Action,7.5,10,0
War of the Ninja Monsters: Jaron vs Goura,Action,6.9,24,55
Youn'G,Action,7.2,54,0
Mi Wu Ci Sha,Action,5.4,18,0
Raja 420,Action,6.8,53,81
Karate Cops,Action,6.6,53,0
The Ties That Bind,Action,9.7,6,0
StarGazer: The Need of the Many,Action,8.0,12,47
Agent 86,Action,5.0,19,87
Thy Will Be Done,Action,7.6,32,98
Fauji,Action,6.8,52,0
La Piñata de Marcel,Action,7.7,20,0
Alí Primera,Action,4.5,6,0
Sathur: Part1,Action,4.9,11,0
Memphganistan,Action,7.3,54,111
Guns Blazin,Action,6.4,52,88
SMB-plush presents trick or death,Action,8.4,10,120
The Club III,Action,9.4,38,52
S-99,Action,8.9,15,119
Operation Wakaliga: Fate and Blood,Action,7.7,18,66
Blood Vendetta,Action,8.4,9,90
Dheera Bhagat Roy,Action,8.2,10,150
Jewish Revenge 6: Gaza in Focus,Action,9.4,5,70
Pimpin Aint Dead Movie,Action,6.4,7,0
Spider-Man: Dimension Rift,Action,6.6,52,127
Isle: Alpha One,Action,6.1,12,97
Sniper Elite: Nanocrisis,Action,6.4,8,82
The Lion Dog,Action,2.3,28,122
A Complete Unknown,Music,7.3,96000,141
Better Man,Music,7.6,34000,135
Kneecap,Music,7.6,20000,105
The Greatest Hits,Music,6.2,7800,94
Maria,Music,6.4,21000,124
Descendants: The Rise of Red,Music,4.7,7400,91
Pavements,Music,7.2,548,128
Back to Black,Music,6.3,28000,122
The Marching Band,Music,7.4,4200,103
The Piano Lesson,Music,6.2,5200,127
Find Me Falling,Music,6.3,13000,93
Monsieur Aznavour,Music,7.3,3000,133
Bob Marley: One Love,Music,6.2,35000,107
Doraemon the Movie: Nobita's Earth Symphony,Music,6.6,1600,115
Singing in My Sleep,Music,5.8,122,92
The Greatest Night in Pop,Music,7.9,15000,96
Yacht Rock: A Dockumentary,Music,7.6,2000,95
Midas Man,Music,6.4,1800,112
Standing on the Shoulders of Kitties,Music,6.2,680,111
Music by John Williams,Music,8.2,5200,105
This Is Me... Now,Music,4.1,7200,65
Becoming Madonna,Music,6.8,428,91
Elton John: Never Too Late,Music,6.5,2100,102
Swamp Dogg Gets His Pool Painted,Music,8.2,103,95
Devo,Music,7.4,90,90
Amar Singh Chamkila,Music,7.8,17000,145
Avicii - I'm Tim,Music,7.7,7500,95
Return of the King: The Fall and Rise of Elvis Presley,Music,7.6,2000,90
The Beach Boys,Music,7.1,2300,113
Stelios,Music,7.3,1600,132
The Colors Within,Music,7.1,1200,101
Given 3: To the Sea,Music,7.5,171,80
Off the Record,Music,8.1,404,95
Luther: Never Too Much,Music,8.1,927,101
Beatles '64,Music,7.2,2700,106
Blur: To the End,Music,7.2,775,104
The Trainer,Music,7.2,67,95
Eno,Music,8.0,321,85
Soundtrack to a Coup d'Etat,Music,7.8,3200,150
ABBA: Against the Odds,Music,7.3,613,90
Janis Ian: Breaking Silence,Music,7.8,155,114
I Am: Celine Dion,Music,7.7,8000,103
Rock Bottom,Music,6.3,66,86
The Gesuidouz,Music,6.7,100,93
Música,Music,6.4,5200,91
Andrea Bocelli 30: The Celebration,Music,8.3,172,148
Boléro,Music,6.6,926,120
John Williams: A Legacy in Sound,Music,6.1,34,47
GHOST: Rite Here Rite Now,Music,8.6,2100,145
Prodigieuses,Music,6.6,236,101
Oshi no Ko: The Final Act,Music,6.1,199,129
Gloria!,Music,6.6,1100,106
Beautiful Rebel,Music,6.3,1000,112
Deaner '89,Music,5.9,469,90
American Dream: The 21 Savage Story,Music,7.6,17,0
"Disco, Ibiza, Locomia",Music,6.0,1600,104
The Neon Highway,Music,6.0,545,113
The Extraordinary Miss Flower,Music,7.2,41,73
Tears of Cem Karaca,Music,7.2,2200,123
ZEF: The Story of Die Antwoord,Music,7.4,838,90
Nova & Alice,Music,6.0,366,110
Saturn Return,Music,6.5,1300,109
Jung Kook: I Am Still,Music,8.2,7600,90
Technoboys,Music,5.3,1000,109
Given the Movie: Hiiragi Mix,Music,7.6,247,70
Art of a Hit,Music,4.2,221,93
Andhagan,Music,6.6,1200,142
Virgo,Music,5.4,104,87
"Iki Gözüm Ahmet, Sürgün",Music,3.7,142,113
A King Like Me,Music,6.7,68,90
"RM: Right People, Wrong Place",Music,8.2,441,80
"Ado SPECIAL LIVE ""Shinzou"" in Cinema",Music,9.1,53,140
Amaltash,Music,8.1,160,113
Larger Than Life: Reign of the Boybands,Music,6.8,312,95
Bocchi the Rock! Recap Part 1,Music,7.5,209,90
Stevie Van Zandt: Disciple,Music,7.9,701,147
Gaga Chromatica Ball,Music,8.1,2100,117
Ol' Dirty Bastard: A Tale of Two Dirtys,Music,6.7,228,86
The Flamenco Guitar of Yerai Cortés,Music,7.3,375,95
Queen Rock Montreal,Music,8.5,817,95
Diane Warren: Relentless,Music,7.5,105,91
PAPmusic - Animation for Fashion,Music,1.1,198,85
Born to Be Wild: The Story of Steppenwolf,Music,6.8,52,100
It's All Gonna Break,Music,7.1,52,94
For the One,Music,8.8,34,0
Pagtatag! The Documentary,Music,7.2,209,73
Blackpink: World Tour - Born Pink,Music,7.8,291,93
No Cap,Music,5.6,41,108
Boxcutter,Music,8.1,25,93
SUGA: Agust D Tour 'D-DAY' the Movie,Music,8.1,1200,84
Swan Lake,Music,7.4,51,145
La vita accanto,Music,6.2,216,100
If Jack Reacher Could Sing,Music,7.6,12,31
Music Shop Murthy,Music,8.1,2300,127
Lightscape,Music,7.0,54,70
Bloody Bridget,Music,9.0,17,81
Samsara,Music,6.0,73,80
K3 en Het Lied van de Zeemeermin,Music,8.0,108,104
The World According to Allee Willis,Music,7.4,146,97
Bocchi the Rock! Recap Part 2,Music,6.4,500,77
Levoton Tuhkimo,Music,8.2,30,88
Praslovan,Music,7.9,105,90
Blur: Live at Wembley Stadium,Music,6.6,134,128
As We Speak,Music,2.4,222,96
Diddy: Summit to Plummet,Music,3.6,114,60
Zim Zim Ala Kazim,Music,8.8,31,100
Hyper: The Stevie Hyper D Story,Music,8.1,109,91
Seventeen Tour 'Follow' Again to Cinemas,Music,9.0,43,103
La Grande,Music,8.8,43,95
Breathe,Music,6.2,168,0
Bach - Ein Weihnachtswunder,Music,4.0,72,89
Concierto para otras manos,Music,5.3,326,79
Harta Tahta Raisa,Music,8.7,84,110
"Düsseldorf, Skåne",Music,6.8,161,94
Mylene Farmer - Nevermore - Le Film,Music,7.9,54,125
Mogwai: If the Stars Had a Sound,Music,8.8,18,92
Il était une fois Michel Legrand,Music,6.3,130,109
The Way of the Rain - Hope for Earth,Music,9.1,110,60
Louder: The Soundtrack of Change,Music,6.6,34,61
Laufey's A Night at the Symphony: Hollywood Bowl,Music,9.2,18,98
Torch Song,Music,4.9,30,90
The Sound of Hope,Music,7.8,51,0
Toxic Harmony,Music,7.4,60,92
Usher: Rendezvous in Paris,Music,7.2,57,88
IVE: The 1st World Tour in Cinema,Music,7.3,12,111
A Few Moments of Cheers,Music,8.5,28,68
Paul Anka: His Way,Music,7.4,13,100
Do I Shock U Like Lightning,Music,5.5,170,97
Songs from the Hole,Music,8.6,52,106
Karaoké,Music,8.3,16,89
Ateez World Tour: Towards the Light - Will to Power,Music,6.8,20,268
One-Way Ticket to the Other Side,Music,8.1,174,75
Bruce Springsteen's Nebraska: A Celebration in Words and Music,Music,8.0,109,0
For King + Country: A Drummer Boy Christmas - Live,Music,7.2,28,90
Aespa World Tour in Cinemas,Music,5.5,69,125
Coven of the Black Cube,Music,9.2,10,97
Tudo por um Pop Star 2,Music,8.2,139,74
Ta decibel tou Lefkou Pyrgou,Music,6.7,131,107
Pet Shop Boys Dreamworld: The Greatest Hits Live at the Royal Arena Copenhagen,Music,8.3,19,115
Glenn Fredly: The Movie,Music,6.0,61,121
Bloody & Bruised: The Untold Story of the Back Room,Music,4.1,13,0
Buzzy Noise,Music,7.4,16,119
Lipstick on the Glass,Music,7.8,11,116
Love Live! Nijigasaki High School Idol Club Final Chapter Part 1,Music,7.1,13,59
The Driver Era: Live at the Greek,Music,8.9,9,0
Rebel Country,Music,8.2,10,81
I Need You: 53 Years of the Band America,Music,5.3,168,93
Fidil Ghorm,Music,7.1,274,86
Tur s Ivanushkami,Music,7.1,298,111
Teaches of Peaches,Music,3.3,188,102
Aumenta que é Rock'n'Roll,Music,7.7,45,112
Por tus muertos,Music,5.3,170,94
John Williams in Tokyo,Music,8.3,85,108
Go Against the Flow,Music,5.2,9,97
Any Other Way: The Jackie Shane Story,Music,7.3,79,98
Decibel,Music,5.8,7,0
Element of Crime in Wenn es dunkel und kalt wird in Berlin,Music,9.8,13,94
Blues Run the Game: The Strange Tale of Jackson C. Frank,Music,6.8,13,0
Weezer's Voyage to the Blue Planet: The Concert Film,Music,8.7,12,0
Live from Detroit: The Concert at Michigan Central,Music,9.8,9,60
Black Girls Rock!,Music,6.8,58,0
Patchwork Family,Music,6.5,161,56
Kouté vwa,Music,7.2,12,76
Nenormalnyy,Music,8.4,242,103
The Best of Me,Music,6.7,204,89
Beethoven's Nine,Music,9.0,13,90
Taeyong: TY Track in Cinemas,Music,5.9,96,96
"Mon Laferte, te amo",Music,7.9,1600,77
Galaxy Fanmade: Enhypen,Music,6.7,54,90
Chicago & Friends in Concert,Music,6.4,26,149
Hiçbir Sey Normal Degil,Music,7.1,402,71
A Fragile Flower,Music,1.6,115,96
Isang himala,Music,7.6,8,145
Michael Jackson: Ungloved,Music,7.3,23,60
Ett hjärta är alltid rött,Music,8.7,32,103
Son Sarki: Ahmet'in Türküsü,Music,6.4,75,101
Electronic Body Movie,Music,7.4,71,61
Rhythm Masters: A Mickey Hart Experience,Music,8.0,16,0
Los Bunkers: MTV Unplugged,Music,4.4,12,99
King,Music,8.2,533,8
Hov1 4-ever,Music,6.6,82,92
Since Yesterday: The Untold Story of Scotland's Girl Bands,Music,7.3,230,94
Fly by Night,Music,9.5,34,0
"Bryson, the Demon Slayer",Music,2.8,136,59
It's Ok,Music,8.2,12,90
So Good! The Neil Diamond Experience,Music,6.1,365,0
No Hamburg No Beatles,Music,8.7,14,55
Il segreto di Liberato,Music,8.6,485,90
Don't Ever Stop,Music,5.5,273,85
Bratya,Music,6.7,120,103
L'amore che ho,Music,8.1,60,125
Munda Rockstar,Music,9.6,13,126
To Freely Flourish,Music,8.8,143,40
Yaremchuk: Nezrivniannyi svit krasy,Music,9.6,11,92
Ruki vverkh!,Music,6.0,54,102
"Beyond, Ode to the Earth",Music,6.1,42,77
New Wave,Music,8.2,28,88
Hyperfocus: Tomorrow x Together VR Concert,Music,6.8,27,60
The Pop Out: Ken & Friends,Music,7.0,32,257
Babymetal: World Tour 2023 - 2024 Legend - MM,Music,9.0,69,180
Bass Impact,Music,7.2,80,109
Peaches Goes Bananas,Music,8.1,11,73
V-U2-UV an Immersive Concert Film at Sphere Las Vegas,Music,6.8,10,82
The Golden Voices 2,Music,8.1,311,0
This Is a Film About the Black Keys,Music,6.8,8,90
Going Underground,Music,5.8,90,75
IronWrath's Master Storyteller,Music,7.4,13,68
Kushstock: The Movie,Music,8.5,131,0
Beethoven's Nine: Ode to Humanity,Music,7.2,7,85
Karol G: Tomorrow was Beautiful,Music,7.8,39,0
Sabaton: The Tour to End All Tours,Music,7.7,9,102
Nada Será Como Antes,Music,9.4,16,79
100dB Indust-bag,Music,8.7,30,61
Novogodniy ekspress,Music,8.6,14,47
End Game: Battle Rap Part 1,Music,8.3,34,87
Paraíso,Music,9.0,10,76
La Joia: Bad Gyal,Music,8.4,34,92
"Dolly Parton: Bigger Hair, Bigger Heart",Music,7.3,42,60
Genjitsu no Yohane -Sunshine in the Mirror- Movie,Music,8.9,13,89
Je Paisa Bolda Hunda,Music,7.6,8,136
The Father Who Stayed,Music,9.6,46,106
Red Rocks Live in VR: Tyler Childers,Music,8.4,9,0
Mrs. Green Apple: The White Lounge,Music,7.0,16,89
Back in the Game,Music,7.4,7,75
En La Caliente: Tales of A Reggaeton Warrior,Music,5.4,13,85
Rem,Music,8.9,12,72
Joe Bonamassa Live at the Hollywood Bowl - with Orchestra,Music,7.7,9,59
Luiz Melodia: No Coração do Brasil,Music,8.0,6,75
American Mileage,Music,7.4,11,121
Alí Primera,Music,7.9,14,0
I'm Unbreakable,Music,8.7,66,43
Suspekt the Concert,Music,6.7,10,0
Vavel the Band,Music,7.2,37,77
NCT Dream Mystery Lab: Dream()Scape in Cinemas,Music,5.1,10,138
The Entertainer,Music,7.4,43,0
Boy,Music,8.5,153,0
Billie Eilish: HIT ME HARD AND SOFT - A Listening Experience,Music,4.9,74,60
Theodor,Music,8.0,10,120
Faders Up: The John Aielli Experience,Music,7.7,11,75
"Sur Mesure: Quatuor Zaïde, Hendrickx Ntela & Luka Austin à L'Abbaye De Royaumont",Music,8.1,309,0
Balet Shchelkunchik,Music,7.7,12,135
Songs Inside,Music,6.8,6,93
aespa: MY First page,Music,9.6,10,110
SDL A Batalha Musical,Music,6.0,10,102
Sanjalice,Music,7.4,14,69
The Lord of the Guitars,Music,6.2,8,62
Song of the Last Lacandon Holy Man,Music,4.4,15,67
Bastards of Soul,Music,9.0,23,80
Train: Live at Royal Albert Hall,Music,7.0,8,98
Imagine Dragons au Château de Chambord,Music,7.8,9,95
13 Lentes De Um Final Feliz (Documentário Completo),Music,8.5,8,410
Waiting For The Drop: Rise of the Superstar DJs,Music,6.4,6,93
Carmina Burana: Dancing in Defiance,Music,6.3,13,72
Luis Terror Días,Music,7.7,20,0
Stay Homas. La banda que no hauria d'existir,Music,8.5,17,82
Bad Bunny: Global Takeover,Music,7.8,26,60
"Lupicinio Rodrigues, Confissões de um Sofredor",Music,8.7,9,99
Bad Case of the Country Blues: The Linda Martell Story,Music,8.5,17,89
Roméo et Juliette à l'Opéra Bastille,Music,5.8,35,171
Midnight Jack the Movie,Music,7.5,14,77
Foe,Music,6.0,7,0
Rory Gallagher: Calling Card,Music,5.6,8,0
André Rieu's 2024 Maastricht Concert: Power of Love,Music,4.1,9,180
Mystery 14 Human Requiem in Eleusis,Music,2.3,8,70
Reba McEntire: Country Gold,Music,7.1,7,60
The Secret Lives of Mormon Wives,Reality,5.4,2500,0
The McBee Dynasty: Real American Cowboys,Reality,6.4,328,0
Dating Naked UK,Reality,6.2,307,0
Beast Games,Reality,5.8,16000,0
The Valley,Reality,5.7,643,0
Love Island: All Stars,Reality,6.1,337,0
FGirl Island,Reality,6.5,101,0
Harry Potter: Wizards of Baking,Reality,7.3,1100,0
Baddies Caribbean,Reality,5.7,224,0
Baddies Midwest,Reality,6.5,165,0
Culinary Class Wars,Reality,8.5,3500,0
Zillow Gone Wild,Reality,6.5,174,0
I Kissed a Girl,Reality,7.8,378,0
Gypsy Rose: Life After Lock Up,Reality,5.7,697,0
24 in 24: Last Chef Standing,Reality,7.9,350,0
Scare Tactics,Reality,4.8,224,0
My Sibling's Romance,Reality,8.3,88,0
Nana Tour With Seventeen,Reality,9.2,203,0
Vanderpump Villa,Reality,5.2,603,0
Laughter Chefs Unlimited Entertainment,Reality,8.7,992,0
Owning Manhattan,Reality,7.3,1500,0
India's Got Latent,Reality,9.0,3900,0
Cabin in the Woods,Reality,6.2,268,0
The Influencer,Reality,6.1,600,0
In the Eye of the Storm,Reality,8.2,497,0
The Boyfriend,Reality,7.8,1500,0
Aussie Shore,Reality,5.8,266,0
After Midnight,Reality,6.9,896,0
The Trust: A Game of Greed,Reality,6.4,1900,0
Deal or No Deal Island,Reality,6.8,901,0
Qesma w Naseeb,Reality,7.7,81,0
Naked Attraction,Reality,5.3,26,0
The Magic Prank Show with Justin Willman,Reality,6.5,968,0
Chopper Cops,Reality,8.3,98,0
Love Is Blind: Sweden,Reality,6.5,1000,0
Inside,Reality,7.2,545,0
Italia Shore,Reality,5.6,28,0
Couple to Throuple,Reality,5.8,306,0
The GOAT,Reality,6.4,519,0
Unlocked: A Jail Experiment,Reality,7.1,2100,0
Love Is Blind: UK,Reality,6.9,1100,0
House on Fire,Reality,8.1,45,0
The Later Daters,Reality,6.8,495,0
The Pasta Queen,Reality,7.5,236,0
Renovation Aloha,Reality,8.1,213,0
Deb's House,Reality,6.9,54,0
RuPaul's Drag Race Global All Stars,Reality,4.0,2900,0
Dance Moms: A New Era,Reality,5.0,147,0
The King of Stand-up Comedy,Reality,7.0,33,0
Iron Girls,Reality,8.8,21,0
On the Roam,Reality,6.7,379,0
Love Is Blind: Habibi,Reality,5.4,721,0
Vie$ de rêve,Reality,8.3,22,0
Project 7,Reality,6.0,336,0
The Anonymous,Reality,6.8,32,0
Celebrity Family Food Battle,Reality,5.9,48,0
Patti Stanger: Millionaire Matchmaking,Reality,5.3,459,0
The Summit,Reality,5.6,299,0
Don't Hate the Player,Reality,6.5,15,0
The Derbyshire Auction House,Reality,7.4,4400,0
The Tribe,Reality,5.6,92,0
House of Heat,Reality,5.8,53,0
Temptation Island México,Reality,7.0,101,0
Scariest House in America,Reality,7.3,152,0
The Great Canadian Pottery Throw Down,Reality,7.7,134,0
The Incredible Pol Farm,Reality,7.5,349,0
Dinner Time Live with David Chang,Reality,5.7,153,0
Lost Monster Files,Reality,8.5,135,0
My Name Is Gabriel,Reality,6.1,422,0
Resurrected Rides,Reality,7.0,70,0
Police 24/7,Reality,6.1,82,0
Ancient Aliens: Origins,Reality,6.3,85,0
The Never Ever Mets,Reality,5.8,273,0
The Last Woodsmen,Reality,6.6,356,0
The Real Murders on Elm Street,Reality,5.9,53,0
Married to the Game,Reality,6.5,58,0
The Wranglers,Reality,6.7,575,0
Agents of Mystery,Reality,6.6,64,0
Forbidden Love,Reality,9.1,9,0
Fresh off the Sea,Reality,8.3,88,0
Our Welsh Chapel Dream,Reality,4.7,768,0
Buying London,Reality,6.8,277,0
Is It Cake? Holiday,Reality,5.5,44,0
90 Day: The Last Resort Between the Sheets,Reality,6.5,48,0
La Isla de las Tentaciones Argentina & Chile,Reality,8.2,15,0
Handsome Guys,Reality,6.7,204,0
The Golden Bachelorette,Reality,6.5,124,0
Weird Britain,Reality,6.1,27,0
Alone Germany,Reality,3.7,24,0
Ask Adasi,Reality,9.3,786,0
Run Jin,Reality,6.8,656,0
Jerrod Carmichael Reality Show,Reality,7.3,243,0
The Fortune Hotel,Reality,5.3,138,0
Human vs Hamster,Reality,6.7,367,0
Blue Ribbon Baking Championship,Reality,8.5,33,0
Love Her Films TV,Reality,7.6,275,0
Les traîtres,Reality,6.2,127,0
Trixie Motel: Drag Me Home,Reality,6.3,19,0
Love & Translation,Reality,5.7,272,0
A Sentença,Reality,5.2,27,0
Are You Smarter Than a Celebrity?,Reality,7.5,67,0
The West Coast Hustle,Reality,5.1,41,0
Farmhouse Fixer: Camp Revamp,Reality,6.6,5,0
Sueltos en Los Cabos,Reality,7.9,29,0
Cookie Cupcake Cake,Reality,6.7,125,0
BBQ High,Reality,6.8,1700,0
Roller Jam,Reality,6.7,10,0
Luxe Listings Toronto,Reality,6.4,8,0
Love Island VIP,Reality,5.5,216,0
Power Couple Romania,Reality,7.2,167,0
Love Is Blind: Argentina,Reality,8.1,33,0
James May and the Dull Men,Reality,8.4,209,0
De Férias com o Ex Diretoria,Reality,8.5,216,0
Love Island Israel,Reality,6.3,54,0
Rented in Finland,Reality,6.3,37,0
Ruangguru Clash of Champions,Reality,8.6,56,0
Battle on the Mountain,Reality,6.1,166,0
Second Chance Stage,Reality,4.4,679,0
Getting Lost with Erin French,Reality,4.6,319,0
Love Deadline,Reality,4.4,87,0
Follow Kar Lo Yaar,Reality,5.6,7,0
Making It in Marbella,Reality,7.3,13,0
Sold on SLC,Reality,7.0,135,0
Reality Resort,Reality,3.6,339,0
The Real Side Chicks of Los Angeles,Reality,7.3,25,0
Going Home with Tyler Cameron,Reality,5.6,53,0
Fast Friends,Reality,7.6,90,0
Off Script with the Hollywood Reporter,Reality,7.1,78,0
Ilha da Tentação: Brasil,Reality,5.4,304,0
Hard North,Reality,8.5,25,0
Cake Toppers,Reality,6.9,83,0
Best Bite in Town,Reality,3.7,156,0
Love Is Blind: México,Reality,4.3,677,0
Top Chef: The Dish with Kish,Reality,6.8,131,0
America's Backyard Gold,Reality,5.0,8,0
Grand Cayman: Secrets in Paradise,Reality,5.4,18,0
Judged by Matt Walsh,Reality,6.6,88,0
Coming from America,Reality,6.1,146,0
Hot Mess Summer,Reality,7.0,24,0
Parents Gone Wild,Reality,7.6,70,0
Love Never Lies: South Africa,Reality,8.2,57,0
The Mommy Club: Sugar & Spice,Reality,4.2,208,0
AGT: Fantasy League,Reality,6.2,44,0
The Real Housewives Ultimate Girls Trip: South Africa,Reality,5.5,94,0
The Getaway,Reality,6.9,204,0
Dating #NoFilter South Africa,Reality,8.3,44,0
Rostiga roadtrips,Reality,7.6,35,0
Super Rich in Korea,Reality,8.4,10,0
Everybody Hates Lolcows,Reality,7.2,9,0
Naked & Not Afraid,Reality,9.1,68,0
Love Triangle (UK),Reality,6.1,53,0
Dress My Tour,Reality,7.7,34,0
The Ultimatum: South Africa,Reality,4.3,37,0
Botched Bariatrics,Reality,5.4,134,0
Tia Mowry: My Next Act,Reality,6.8,591,0
Life of Fire,Reality,8.7,22,0
Murder Uncut,Reality,8.2,6,0
Playground,Reality,8.1,30,0
LOL: Last One Laughing Philippines,Reality,8.7,13,0
The Traitors. Zdrajcy,Reality,6.1,34,0
My Style Rocks Germany,Reality,8.2,26,0
Alien Encounters: Fact or Fiction,Reality,5.9,189,0
Drag Race España All Stars,Reality,8.7,53,0
Going Seventeen 2024,Reality,8.7,52,0
Kitchen Glow Up,Reality,8.7,8,0
Shed & Buried: Classic Cars,Reality,7.2,115,0
Celebrity Big Brother: Late & Live,Reality,8.7,54,0
Contraband: Seized at the Airport,Reality,9.0,103,0
Baddies Caribbean Reunion,Reality,6.7,183,0
Chrissy & Dave Dine Out,Reality,6.7,101,0
Celebrity Substitute,Reality,7.4,116,0
The Race,Reality,7.7,87,0
Stokes Twins,Reality,9.2,32,0
Royal Rules of Ohio,Reality,8.0,81,0
Skum Tales,Reality,6.9,60,0
Baddies East Reunion,Reality,7.3,35,0
Homestead: Family Survival,Reality,7.4,14,0
60 Day Hustle,Reality,6.1,58,0
Die Ondernemers,Reality,6.7,17,0
The Rana Daggubati Show,Reality,4.4,6,0
Sin City Tow,Reality,6.8,12,0
A-List to Playlist,Reality,8.8,24,0
LOL: Last One Laughing Indonesia,Reality,4.3,17,0
The Challenge: Home Turf,Reality,7.9,17,0
Slaycation,Reality,7.9,51,0
Mud Madness,Reality,7.5,33,0
Stunna Girls,Reality,7.0,84,0
Million Dollar Listing: India,Reality,7.9,9,0
The Dolls,Reality,9.2,26,0
Joseline's Cabaret Texas,Reality,6.0,109,0
Survivor 2024 All Star,Reality,5.0,8,0
Zvyozdy v Dzhunglyakh,Reality,8.3,9,0
Bachelor Cesko,Reality,7.4,6,0
Live and Love,Reality,5.1,170,0
Survivor: Expedición Robinson,Reality,8.3,9,0
Whenever Possible,Reality,7.4,15,0
Red Carpet Uncut,Reality,8.9,10,0
Dream Home,Reality,6.5,48,0
Breaking New Ground,Reality,6.0,21,0
Katherine Ryan: Parental Guidance,Reality,7.4,65,0
Off the Couch into Creation,Reality,5.3,25,0
Prison Brides,Reality,7.2,18,0
Tempting Fortune,Reality,7.0,42,0
Charnita's World,Reality,7.6,264,0
Mission Unknown: Atlantik,Reality,6.3,79,0
Airport Security: USA,Reality,7.6,1200,0
Die Bachelors,Reality,7.7,12,0
Andrew Zimmern's Field to Fire,Reality,8.0,8,0
Budget Battlers,Reality,6.3,6,0
Stupid Pet Tricks,Reality,6.2,37,0
Kampala Crème,Reality,8.2,6,0
Up for Auction,Reality,5.5,165,0
Morlock Motors - Big Deals im Westerwald,Reality,6.4,89,0
Bail Jumpers,Reality,6.8,9,0
Golden Bachelor,Reality,8.0,7,0
Gino & Fred: Emission Impossible,Reality,7.8,68,0
Rugged Rugby: Conquer or Die,Reality,6.9,130,0
Outrageous Love with Nene Leakes,Reality,7.3,59,0
Nobody Asked,Reality,5.5,51,0
Side Hustles,Reality,7.7,18,0
Spillet,Reality,8.2,88,0
OMG Fashun,Reality,8.1,9,0
Gaming Insaan,Reality,7.0,12,0
Gordon Ramsay's Food Stars Australia,Reality,4.4,30,0
Wiggin' Out with Tokyo Stylez,Reality,8.3,31,0
Her lukter det fesk,Reality,6.1,43,0
Airline Wars,Reality,5.3,8,0
Zvyozdnye tantsy,Reality,8.3,6,0
Fight for Paradise: Who Can You Trust?,Reality,8.9,9,0
Fixer to Fabulous: Italiano,Reality,7.4,3000,0
Power Couple,Reality,4.0,32,0
Drama Queens,Reality,8.2,24,0
Hope in the Water,Reality,7.4,28,0
Love & WWE: Bianca & Montez,Reality,6.7,9,0
Divided by Design,Reality,7.8,103,0
Gladiators Australia,Reality,7.8,43,0
Baddies Midwest & Baddies Gone Wild Auditions,Reality,6.5,63,0
Top Cooku Dupe Cooku,Reality,6.5,26,0
Miss Bikini Backstage,Reality,8.7,45,0
Rachael Ray's Meals in Minutes,Reality,5.6,7,0
The Real Housewives of Munich,Reality,5.8,44,0
Possessed Love,Reality,8.1,18,0
BuzzFeed Unsolved,Reality,5.0,17,0
Påskekrimlekene,Reality,8.5,28,0
Wild Rose Vets,Reality,7.3,79,0
Holmes on Homes: Building a Legacy,Reality,6.3,32,0
Chateau Meiland: VIPS,Reality,7.4,38,0
"Ready, Set, Glow!",Reality,6.9,54,0
Tentados por la Fortuna,Reality,6.5,43,0
Lutong bahay,Reality,5.6,48,0
Super Dogs,Reality,6.9,16,0
Oscar,Reality,6.6,24,0
Elisabeth Rioux: Unfiltered,Reality,5.3,31,0
Who's Afraid of a Cheap Old House?,Reality,5.2,42,0
Stacey Solomon's Renovation Rescue,Reality,6.0,10,0
Junior Doctors Down Under,Reality,7.3,134,0
Star Kitchen,Reality,4.3,93,0
Hostage Rescue,Reality,8.1,12,0
Backed by the Bros,Reality,8.0,25,0
My 600-lb Life: Brazil,Reality,9.2,39,0
TouchGrassTV,Reality,5.7,6,0
Big Brother: Desafio Final,Reality,5.7,47,0
Sabadou com Virginia,Reality,7.5,17,0
100 Day Hotel Challenge,Reality,5.3,25,0
Jules & Greg's Wild Swim,Reality,6.9,12,0
Smile: LA,Reality,7.6,8,0
America's Got Talent,Reality,6.6,152,0
La Casa de los Famosos Colombia,Reality,6.1,9,0
Tui shi ying ye zhong,Reality,6.3,27,0
RuPaul's Drag Race Live Untucked,Reality,6.6,63,0
The Wager,Reality,5.2,17,0
Brekket,Reality,7.2,354,0
We love Mallorca,Reality,8.5,8,0
Baddies Caribbean Auditions,Reality,8.0,5,0
Overcomers,Reality,8.1,31,0
Rhythm + Flow: Brazil,Reality,6.0,6,0
Muquiranas Brasil,Reality,4.2,7,0
NM i gjemsel,Reality,8.5,21,0
New House No Debt,Reality,7.1,16,0
The Barnes Bunch,Reality,8.1,24,0
Chasing: Orlando,Reality,8.7,12,0
Vinnerschkalle,Reality,7.5,33,0
Lakefront Empire,Reality,4.7,15,0
Shi Tian Zhi Hou Hui Dao Xian Shi,Reality,7.2,20,0
The Underdog: Josh Must Win,Reality,7.3,80,0
Vokteren,Reality,4.5,31,0
Tryouts,Reality,7.0,8,0
The Loneliest Boy on Earth,Reality,5.2,26,0
Celebrations with Lacey Chabert,Reality,9.4,10,0
L'Oréal Professionnel Paris Indian Hairdressing Awards,Reality,7.4,5,0
A Date in the Life,Reality,8.6,16,0
Fjellhytta,Reality,6.6,15,0
Comedy Class,Reality,4.5,31,0
High Science,Reality,4.4,13,0
Bakemesterskapet,Reality,6.0,17,0
The Bad Foot Clinic,Reality,5.6,21,0
Pryatki,Reality,6.7,13,0
Valpedrømmen,Reality,7.3,33,0
Rhythm + Flow Italy,Reality,8.4,11,0
Reality Queens - Auf High Heels durch den Dschungel,Reality,7.6,8,0
Our Wild Life,Reality,7.3,9,0
Craque da Voz,Reality,4.8,7,0
Forræder - Ukendt grund,Reality,7.6,12,0
Estate of Survival,Reality,4.4,15,0
Schiphol Airport,Reality,8.2,23,0
Totally Funny Animals,Reality,6.4,19,0
The Big Game on Tour,Reality,8.7,7,0
Flowers or Absurd,Reality,7.6,19,0
Back Roads Bars,Reality,8.6,22,0
Badderz UK,Reality,3.1,8,0
Ziedu valdovai,Reality,7.3,11,0
Rahdinmetsästäjät,Reality,7.7,7,0
Masters of Taste with Gary Mehigan,Reality,5.3,13,0
Avlogga,Reality,8.7,535,0
David Batra - First Lady,Reality,5.5,10,0
Ida & Vegard: Plan Baby,Reality,6.2,110,0
Rancho do Maia,Reality,2.8,8,0
Universe League,Reality,6.8,44,0
Los Iglesias. Hermanos a la obra,Reality,7.4,17,0
Behind Behani,Reality,7.7,19,0
Statute of Limitations,Reality,8.7,39,0
Sommerfrische - Der Nachmittag im Westen und Südwesten,Reality,6.8,12,0
"Hjälp, vi har köpt ett franskt ruckel!",Reality,3.2,12,0
MasterChef Confeitaria,Reality,6.4,30,0
Tamara & Maria's Therapy Trip,Reality,8.3,46,0
Nytt blod,Reality,9.1,16,0
Bring the Drama,Reality,5.3,8,0
Beyond Chelsea,Reality,3.2,26,0
Born Into Fame,Reality,4.6,12,0
Mitarbeiter des Monats - mit Sascha Hellinger,Reality,6.7,58,0
Big5 Türkiye,Reality,8.3,15,0
Chemistry Mashi,Reality,7.5,24,0
Op Pad met my Potjie,Reality,9.0,10,0
Race Across the World Suomi,Reality,6.2,35,0
A Real One- Pop the Balloon or Find Love,Reality,7.3,19,0
The Real Tax Bosses of Texas,Reality,8.5,123,0
Local Survivor,Reality,8.1,9,0
The Big Trip,Reality,6.1,22,0
Paddy & Molly: Show No Mersey,Reality,6.9,10,0
Sunshine Getaway with Amanda Lamb,Reality,8.2,28,0
Die Uitdaging,Reality,4.4,21,0
Through the Smoke,Reality,6.1,8,0
Eventyrlig Camping,Reality,6.6,12,0
Lv Xing Ren Yi Men,Reality,7.0,28,0
Top Chef VIP Chile,Reality,6.2,11,0
Klein Paradys,Reality,6.6,6,0
Willkommen bei Familie Weiß,Reality,8.4,6,0
Kilos Mortales México,Reality,8.9,9,0
The Gworls Club,Reality,7.5,21,0
Starlight Boys,Reality,8.0,7,0
Snake City 10,Reality,7.2,14,0
Boy Room,Reality,7.2,13,0
Tv Queen,Reality,5.4,25,0
Här är ditt kylskåp,Reality,5.8,6,0
Sokrovishcha imperatora,Reality,5.3,10,0
Queen Bee Game,Reality,1.4,31,0
The Hardest Singing Show,Reality,6.4,10,0
Wo Men Sa,Reality,6.9,7,0
Pekín Express,Reality,5.6,8,0
Sounds Delicious with Carnie Wilson,Reality,6.1,13,0
Dancing in the Kitchen,Reality,5.0,22,0
Pesadelo na Cozinha: A Selecion,Reality,6.5,6,0
Kuldne pilet,Reality,6.3,14,0
Bureau Maastricht,Reality,5.7,41,0
Shopaholic,Reality,5.0,19,0
Bake Off Famosos Argentina,Reality,7.9,7,0
Bloo,Reality,7.8,7,0
Race Across the World Sverige,Reality,4.6,6,0
Germany Shore OG,Reality,6.6,10,0
New Faces,Reality,7.1,14,0
Double the Money,Reality,6.8,10,0
Nick Cannon's Big Drive,Reality,2.2,31,0
Last Chance Garage,Reality,7.3,6,0
24 stjerners julekalender,Reality,8.9,14,0
Raising Reynolds,Reality,8.6,7,0
Britain's Most Beautiful Road,Reality,5.0,16,0
Love Hunters,Reality,7.0,8,0
Chuang Asia Thailand,Reality,5.0,9,0
La Familia - House of Reality,Reality,6.0,6,0
Deliciously Entertaining,Reality,3.8,7,0
Beyond the Surface: Beverly Hills,Reality,9.4,17,0
Ubuthe Uzobuya,Reality,8.0,7,0
Sadau Sisters,Reality,6.2,11,0
Smartypants,Talk show,8.1,240,0
The Great Indian Kapil Show,Talk show,6.4,35000,0
Grave Conversations,Talk show,8.7,47,0
In the Know,Talk show,6.8,691,0
Monét's Slumber Party,Talk show,8.1,47,0
Lou Dobbs Tonight,Talk show,6.6,171,0
Risque Business: The Netherlands and Germany,Talk show,5.4,23,0
Busy This Week,Talk show,7.9,41,0
Hot Ones Versus,Talk show,6.3,19,0
Love Her Films TV,Talk show,9.1,8,0
A Sentença,Talk show,4.9,56,0
Wasteland Wonders,Talk show,7.5,102,0
Dr. Phil Primetime,Talk show,7.3,77,0
Bonjour! La Matinale TF1,Talk show,7.0,23,0
Thousandaires,Talk show,8.7,30,0
Morning Light,Talk show,5.0,103,0
The Traitors: Uncloaked,Talk show,8.1,42,0
Buongiorno,Talk show,9.0,70,0
Love Island Aftersun,Talk show,6.7,183,0
America's Most Wanted,Talk show,9.1,10,0
Influenced,Talk show,9.1,16,0
Lefties Losing It,Talk show,9.2,8,0
Aknoon,Talk show,7.1,81,0
The Rana Daggubati Show,Talk show,7.2,11,0
The D-Con Chamber,Talk show,8.8,29,0
Rumble Pack,Talk show,7.0,42,0
Hasan Minhaj Doesn't Know,Talk show,9.3,16,0
La Revuelta,Talk show,5.1,45,0
UTRO. TNT,Talk show,4.9,13,0
A Bite to Eat with Alice,Talk show,7.0,10,0
Girl Talk,Talk show,8.6,32,0
Todo va a estar bien,Talk show,5.6,7,0
Wimbledon,Talk show,5.0,12,0
La grande semaine,Talk show,5.7,33,0
Side Hustles,Talk show,6.3,23,0
On the Go with Gabe,Talk show,3.0,11,0
We Got Time Today,Talk show,8.5,100,0
Le parloir,Talk show,7.2,9,0
Bar Laat,Talk show,4.4,8,0
Obsessed,Talk show,6.2,39,0
Lutong bahay,Talk show,9.4,7,0
The Chris McCausland Show,Talk show,7.2,6,0
Acércate a Rocío al límite,Talk show,7.1,10,0
Remembering the Catskills,Talk show,8.0,10,0
Bom Partido,Talk show,9.4,15,0
Directo con Teutelo,Talk show,6.8,31,0
Hotspot,Talk show,5.5,23,0
Prime Time with Danica De Giorgio,Talk show,8.2,6,0
KNEKT®tv on the Carpet,Talk show,8.2,6,0
Sabadou com Virginia,Talk show,8.1,9,0
The Nite-Cap,Talk show,7.8,7,0
Bom dia Alegria,Talk show,8.0,15,0
Eva,Talk show,5.7,7,0
The News on Merit TV,Talk show,8.3,45,0
Olga on Air,Talk show,7.4,10,0
Fat Joe Talks,Talk show,7.4,8,0
The Jury,Talk show,4.7,19,0
ELSE!,Talk show,6.0,9,0
V+ Fama,Talk show,8.4,8,0
Talent Agent Talk,Talk show,9.0,9,0
Oblò - Notizie da smacchiare,Talk show,5.5,9,0
Steve Price,Talk show,3.2,7,0
Oi Boomers,Talk show,1.6,5,0
